entity_id,incident_id,entity_type,original_value,normalized_value
INC001_PHONE_01,INC001,phone,+91 90000 01001,+919000001001
INC001_EMAIL_02,INC001,email,contact001@example.com,contact001@example.com
INC001_URL_03,INC001,url,https://example.org/verify-account,https://example.org/verify-account
INC001_TRANSACTION_ID_04,INC001,transaction_id,TXN0001ABC,TXN0001ABC
INC001_UTR_05,INC001,utr,UTR2026000001,UTR2026000001
INC001_AMOUNT_06,INC001,amount,"₹1,499",1499
INC002_PHONE_01,INC002,phone,+91 90000 01002,+919000001002
INC002_EMAIL_02,INC002,email,contact002@example.com,contact002@example.com
INC002_URL_03,INC002,url,https://example.com/payment-check,https://example.com/payment-check
INC002_TRANSACTION_ID_04,INC002,transaction_id,TXN0002ABC,TXN0002ABC
INC002_UTR_05,INC002,utr,UTR2026000002,UTR2026000002
INC002_AMOUNT_06,INC002,amount,"₹9,999",9999
INC003_PHONE_01,INC003,phone,+91 90000 01003,+919000001003
INC003_EMAIL_02,INC003,email,contact003@example.com,contact003@example.com
INC003_URL_03,INC003,url,https://example.com/payment-check,https://example.com/payment-check
INC003_TRANSACTION_ID_04,INC003,transaction_id,TXN0003ABC,TXN0003ABC
INC003_UTR_05,INC003,utr,UTR2026000003,UTR2026000003
INC003_AMOUNT_06,INC003,amount,"₹25,000",25000
INC004_PHONE_01,INC004,phone,+91 90000 01004,+919000001004
INC004_EMAIL_02,INC004,email,contact004@example.com,contact004@example.com
INC004_URL_03,INC004,url,https://example.net/refund-claim,https://example.net/refund-claim
INC004_TRANSACTION_ID_04,INC004,transaction_id,TXN0004ABC,TXN0004ABC
INC004_UTR_05,INC004,utr,UTR2026000004,UTR2026000004
INC004_AMOUNT_06,INC004,amount,"₹15,000",15000
INC005_PHONE_01,INC005,phone,+91 90000 01005,+919000001005
INC005_EMAIL_02,INC005,email,contact005@example.com,contact005@example.com
INC005_URL_03,INC005,url,https://example.org/verify-account,https://example.org/verify-account
INC005_TRANSACTION_ID_04,INC005,transaction_id,TXN0005ABC,TXN0005ABC
INC005_UTR_05,INC005,utr,UTR2026000005,UTR2026000005
INC005_AMOUNT_06,INC005,amount,"₹2,499",2499
INC006_PHONE_01,INC006,phone,+91 90000 01006,+919000001006
INC006_EMAIL_02,INC006,email,contact006@example.com,contact006@example.com
INC006_URL_03,INC006,url,https://example.com/payment-check,https://example.com/payment-check
INC006_TRANSACTION_ID_04,INC006,transaction_id,TXN0006ABC,TXN0006ABC
INC006_UTR_05,INC006,utr,UTR2026000006,UTR2026000006
INC006_AMOUNT_06,INC006,amount,"₹9,999",9999
INC007_PHONE_01,INC007,phone,+91 90000 01007,+919000001007
INC007_EMAIL_02,INC007,email,contact007@example.com,contact007@example.com
INC007_URL_03,INC007,url,https://example.com/kyc-update,https://example.com/kyc-update
INC007_TRANSACTION_ID_04,INC007,transaction_id,TXN0007ABC,TXN0007ABC
INC007_UTR_05,INC007,utr,UTR2026000007,UTR2026000007
INC007_AMOUNT_06,INC007,amount,₹499,499
INC007_AMOUNT_07,INC007,amount,₹-1,-1
INC008_PHONE_01,INC008,phone,+91 90000 01008,+919000001008
INC008_EMAIL_02,INC008,email,contact008@example.com,contact008@example.com
INC008_URL_03,INC008,url,https://example.org/verify-account,https://example.org/verify-account
INC008_TRANSACTION_ID_04,INC008,transaction_id,TXN0008ABC,TXN0008ABC
INC008_UTR_05,INC008,utr,UTR2026000008,UTR2026000008
INC008_AMOUNT_06,INC008,amount,"₹4,999",4999
INC009_PHONE_01,INC009,phone,+91 90000 01009,+919000001009
INC009_EMAIL_02,INC009,email,contact009@example.com,contact009@example.com
INC009_URL_03,INC009,url,https://example.org/verify-account,https://example.org/verify-account
INC009_TRANSACTION_ID_04,INC009,transaction_id,TXN0009ABC,TXN0009ABC
INC009_UTR_05,INC009,utr,UTR2026000009,UTR2026000009
INC009_AMOUNT_06,INC009,amount,₹799,799
INC010_PHONE_01,INC010,phone,+91 90000 01010,+919000001010
INC010_EMAIL_02,INC010,email,contact010@example.com,contact010@example.com
INC010_URL_03,INC010,url,https://example.org/verify-account,https://example.org/verify-account
INC010_TRANSACTION_ID_04,INC010,transaction_id,TXN0010ABC,TXN0010ABC
INC010_UTR_05,INC010,utr,UTR2026000010,UTR2026000010
INC010_AMOUNT_06,INC010,amount,"₹4,999",4999
INC011_PHONE_01,INC011,phone,+91 90000 01011,+919000001011
INC011_EMAIL_02,INC011,email,contact011@example.com,contact011@example.com
INC011_URL_03,INC011,url,https://example.com/payment-check,https://example.com/payment-check
INC011_TRANSACTION_ID_04,INC011,transaction_id,TXN0011ABC,TXN0011ABC
INC011_UTR_05,INC011,utr,UTR2026000011,UTR2026000011
INC011_AMOUNT_06,INC011,amount,"₹2,499",2499
INC012_PHONE_01,INC012,phone,+91 90000 01012,+919000001012
INC012_EMAIL_02,INC012,email,contact012@example.com,contact012@example.com
INC012_URL_03,INC012,url,https://example.com/kyc-update,https://example.com/kyc-update
INC012_TRANSACTION_ID_04,INC012,transaction_id,TXN0012ABC,TXN0012ABC
INC012_UTR_05,INC012,utr,UTR2026000012,UTR2026000012
INC012_AMOUNT_06,INC012,amount,"₹15,000",15000
INC013_PHONE_01,INC013,phone,+91 90000 01013,+919000001013
INC013_EMAIL_02,INC013,email,contact013@example.com,contact013@example.com
INC013_URL_03,INC013,url,https://example.com/payment-check,https://example.com/payment-check
INC013_TRANSACTION_ID_04,INC013,transaction_id,TXN0013ABC,TXN0013ABC
INC013_UTR_05,INC013,utr,UTR2026000013,UTR2026000013
INC013_AMOUNT_06,INC013,amount,"₹4,999",4999
INC014_PHONE_01,INC014,phone,+91 90000 01014,+919000001014
INC014_EMAIL_02,INC014,email,contact014@example.com,contact014@example.com
INC014_URL_03,INC014,url,https://example.com/payment-check,https://example.com/payment-check
INC014_TRANSACTION_ID_04,INC014,transaction_id,TXN0014ABC,TXN0014ABC
INC014_UTR_05,INC014,utr,UTR2026000014,UTR2026000014
INC014_AMOUNT_06,INC014,amount,"₹2,499",2499
INC015_PHONE_01,INC015,phone,+91 90000 01015,+919000001015
INC015_EMAIL_02,INC015,email,contact015@example.com,contact015@example.com
INC015_URL_03,INC015,url,https://example.com/kyc-update,https://example.com/kyc-update
INC015_TRANSACTION_ID_04,INC015,transaction_id,TXN0015ABC,TXN0015ABC
INC015_UTR_05,INC015,utr,UTR2026000015,UTR2026000015
INC015_AMOUNT_06,INC015,amount,"₹15,000",15000
INC016_PHONE_01,INC016,phone,+91 90000 01016,+919000001016
INC016_EMAIL_02,INC016,email,contact016@example.com,contact016@example.com
INC016_URL_03,INC016,url,https://example.net/refund-claim,https://example.net/refund-claim
INC016_TRANSACTION_ID_04,INC016,transaction_id,TXN0016ABC,TXN0016ABC
INC016_UTR_05,INC016,utr,UTR2026000016,UTR2026000016
INC016_AMOUNT_06,INC016,amount,"₹1,499",1499
INC017_PHONE_01,INC017,phone,+91 90000 01017,+919000001017
INC017_EMAIL_02,INC017,email,contact017@example.com,contact017@example.com
INC017_URL_03,INC017,url,https://example.org/verify-account,https://example.org/verify-account
INC017_TRANSACTION_ID_04,INC017,transaction_id,TXN0017ABC,TXN0017ABC
INC017_UTR_05,INC017,utr,UTR2026000017,UTR2026000017
INC017_AMOUNT_06,INC017,amount,"₹1,499",1499
INC018_PHONE_01,INC018,phone,+91 90000 01018,+919000001018
INC018_EMAIL_02,INC018,email,contact018@example.com,contact018@example.com
INC018_URL_03,INC018,url,https://example.org/verify-account,https://example.org/verify-account
INC018_TRANSACTION_ID_04,INC018,transaction_id,TXN0018ABC,TXN0018ABC
INC018_UTR_05,INC018,utr,UTR2026000018,UTR2026000018
INC018_AMOUNT_06,INC018,amount,₹999,999
INC018_AMOUNT_07,INC018,amount,"₹1,499",1499
INC019_PHONE_01,INC019,phone,+91 90000 01019,+919000001019
INC019_EMAIL_02,INC019,email,contact019@example.com,contact019@example.com
INC019_URL_03,INC019,url,https://example.net/refund-claim,https://example.net/refund-claim
INC019_TRANSACTION_ID_04,INC019,transaction_id,TXN0019ABC,TXN0019ABC
INC019_UTR_05,INC019,utr,UTR2026000019,UTR2026000019
INC019_AMOUNT_06,INC019,amount,"₹15,000",15000
INC020_PHONE_01,INC020,phone,+91 90000 01020,+919000001020
INC020_EMAIL_02,INC020,email,contact020@example.com,contact020@example.com
INC020_URL_03,INC020,url,https://example.com/payment-check,https://example.com/payment-check
INC020_TRANSACTION_ID_04,INC020,transaction_id,TXN0020ABC,TXN0020ABC
INC020_UTR_05,INC020,utr,UTR2026000020,UTR2026000020
INC020_AMOUNT_06,INC020,amount,"₹4,999",4999
INC021_PHONE_01,INC021,phone,+91 90000 01021,+919000001021
INC021_EMAIL_02,INC021,email,contact021@example.com,contact021@example.com
INC021_URL_03,INC021,url,https://example.net/refund-claim,https://example.net/refund-claim
INC021_TRANSACTION_ID_04,INC021,transaction_id,TXN0021ABC,TXN0021ABC
INC021_UTR_05,INC021,utr,UTR2026000021,UTR2026000021
INC021_AMOUNT_06,INC021,amount,₹499,499
INC022_PHONE_01,INC022,phone,+91 90000 01022,+919000001022
INC022_EMAIL_02,INC022,email,contact022@example.com,contact022@example.com
INC022_URL_03,INC022,url,https://example.org/verify-account,https://example.org/verify-account
INC022_TRANSACTION_ID_04,INC022,transaction_id,TXN0022ABC,TXN0022ABC
INC022_UTR_05,INC022,utr,UTR2026000022,UTR2026000022
INC022_AMOUNT_06,INC022,amount,"₹2,499",2499
INC023_PHONE_01,INC023,phone,+91 90000 01023,+919000001023
INC023_EMAIL_02,INC023,email,contact023@example.com,contact023@example.com
INC023_URL_03,INC023,url,https://example.com/payment-check,https://example.com/payment-check
INC023_TRANSACTION_ID_04,INC023,transaction_id,TXN0023ABC,TXN0023ABC
INC023_UTR_05,INC023,utr,UTR2026000023,UTR2026000023
INC023_AMOUNT_06,INC023,amount,"₹25,000",25000
INC024_PHONE_01,INC024,phone,+91 90000 01024,+919000001024
INC024_EMAIL_02,INC024,email,contact024@example.com,contact024@example.com
INC024_URL_03,INC024,url,https://example.net/refund-claim,https://example.net/refund-claim
INC024_TRANSACTION_ID_04,INC024,transaction_id,TXN0024ABC,TXN0024ABC
INC024_UTR_05,INC024,utr,UTR2026000024,UTR2026000024
INC024_AMOUNT_06,INC024,amount,"₹4,999",4999
INC025_PHONE_01,INC025,phone,+91 90000 01025,+919000001025
INC025_EMAIL_02,INC025,email,contact025@example.com,contact025@example.com
INC025_URL_03,INC025,url,https://example.com/payment-check,https://example.com/payment-check
INC025_TRANSACTION_ID_04,INC025,transaction_id,TXN0025ABC,TXN0025ABC
INC025_UTR_05,INC025,utr,UTR2026000025,UTR2026000025
INC025_AMOUNT_06,INC025,amount,₹799,799
INC026_PHONE_01,INC026,phone,+91 90000 01026,+919000001026
INC026_EMAIL_02,INC026,email,contact026@example.com,contact026@example.com
INC026_URL_03,INC026,url,https://example.com/kyc-update,https://example.com/kyc-update
INC026_TRANSACTION_ID_04,INC026,transaction_id,TXN0026ABC,TXN0026ABC
INC026_UTR_05,INC026,utr,UTR2026000026,UTR2026000026
INC026_AMOUNT_06,INC026,amount,₹999,999
INC027_PHONE_01,INC027,phone,+91 90000 01027,+919000001027
INC027_EMAIL_02,INC027,email,contact027@example.com,contact027@example.com
INC027_URL_03,INC027,url,https://example.org/verify-account,https://example.org/verify-account
INC027_TRANSACTION_ID_04,INC027,transaction_id,TXN0027ABC,TXN0027ABC
INC027_UTR_05,INC027,utr,UTR2026000027,UTR2026000027
INC027_AMOUNT_06,INC027,amount,"₹9,999",9999
INC028_PHONE_01,INC028,phone,+91 90000 01028,+919000001028
INC028_EMAIL_02,INC028,email,contact028@example.com,contact028@example.com
INC028_URL_03,INC028,url,https://example.com/kyc-update,https://example.com/kyc-update
INC028_TRANSACTION_ID_04,INC028,transaction_id,TXN0028ABC,TXN0028ABC
INC028_UTR_05,INC028,utr,UTR2026000028,UTR2026000028
INC028_AMOUNT_06,INC028,amount,"₹4,999",4999
INC029_PHONE_01,INC029,phone,+91 90000 01029,+919000001029
INC029_EMAIL_02,INC029,email,contact029@example.com,contact029@example.com
INC029_URL_03,INC029,url,https://example.net/refund-claim,https://example.net/refund-claim
INC029_TRANSACTION_ID_04,INC029,transaction_id,TXN0029ABC,TXN0029ABC
INC029_UTR_05,INC029,utr,UTR2026000029,UTR2026000029
INC029_AMOUNT_06,INC029,amount,₹799,799
INC029_AMOUNT_07,INC029,amount,₹299,299
INC030_PHONE_01,INC030,phone,+91 90000 01030,+919000001030
INC030_EMAIL_02,INC030,email,contact030@example.com,contact030@example.com
INC030_URL_03,INC030,url,https://example.com/payment-check,https://example.com/payment-check
INC030_TRANSACTION_ID_04,INC030,transaction_id,TXN0030ABC,TXN0030ABC
INC030_UTR_05,INC030,utr,UTR2026000030,UTR2026000030
INC030_AMOUNT_06,INC030,amount,₹799,799
INC031_PHONE_01,INC031,phone,+91 90000 01031,+919000001031
INC031_EMAIL_02,INC031,email,contact031@example.com,contact031@example.com
INC031_URL_03,INC031,url,https://example.net/account,https://example.net/account
INC031_TRANSACTION_ID_04,INC031,transaction_id,TXN0031ABC,TXN0031ABC
INC031_UTR_05,INC031,utr,UTR2026000031,UTR2026000031
INC031_AMOUNT_06,INC031,amount,₹799,799
INC032_PHONE_01,INC032,phone,+91 90000 01032,+919000001032
INC032_EMAIL_02,INC032,email,contact032@example.com,contact032@example.com
INC032_URL_03,INC032,url,https://example.com/order-status,https://example.com/order-status
INC032_TRANSACTION_ID_04,INC032,transaction_id,TXN0032ABC,TXN0032ABC
INC032_UTR_05,INC032,utr,UTR2026000032,UTR2026000032
INC032_AMOUNT_06,INC032,amount,"₹25,000",25000
INC033_PHONE_01,INC033,phone,+91 90000 01033,+919000001033
INC033_EMAIL_02,INC033,email,contact033@example.com,contact033@example.com
INC033_URL_03,INC033,url,https://example.com/order-status,https://example.com/order-status
INC033_TRANSACTION_ID_04,INC033,transaction_id,TXN0033ABC,TXN0033ABC
INC033_UTR_05,INC033,utr,UTR2026000033,UTR2026000033
INC033_AMOUNT_06,INC033,amount,"₹1,499",1499
INC034_PHONE_01,INC034,phone,+91 90000 01034,+919000001034
INC034_EMAIL_02,INC034,email,contact034@example.com,contact034@example.com
INC034_URL_03,INC034,url,https://example.org/bill,https://example.org/bill
INC034_TRANSACTION_ID_04,INC034,transaction_id,TXN0034ABC,TXN0034ABC
INC034_UTR_05,INC034,utr,UTR2026000034,UTR2026000034
INC034_AMOUNT_06,INC034,amount,"₹9,999",9999
INC035_PHONE_01,INC035,phone,+91 90000 01035,+919000001035
INC035_EMAIL_02,INC035,email,contact035@example.com,contact035@example.com
INC035_URL_03,INC035,url,https://example.com/order-status,https://example.com/order-status
INC035_TRANSACTION_ID_04,INC035,transaction_id,TXN0035ABC,TXN0035ABC
INC035_UTR_05,INC035,utr,UTR2026000035,UTR2026000035
INC035_AMOUNT_06,INC035,amount,"₹4,999",4999
INC036_PHONE_01,INC036,phone,+91 90000 01036,+919000001036
INC036_EMAIL_02,INC036,email,contact036@example.com,contact036@example.com
INC036_URL_03,INC036,url,https://example.com/order-status,https://example.com/order-status
INC036_TRANSACTION_ID_04,INC036,transaction_id,TXN0036ABC,TXN0036ABC
INC036_UTR_05,INC036,utr,UTR2026000036,UTR2026000036
INC036_AMOUNT_06,INC036,amount,"₹15,000",15000
INC037_PHONE_01,INC037,phone,+91 90000 01037,+919000001037
INC037_EMAIL_02,INC037,email,contact037@example.com,contact037@example.com
INC037_URL_03,INC037,url,https://example.com/order-status,https://example.com/order-status
INC037_TRANSACTION_ID_04,INC037,transaction_id,TXN0037ABC,TXN0037ABC
INC037_UTR_05,INC037,utr,UTR2026000037,UTR2026000037
INC037_AMOUNT_06,INC037,amount,"₹1,499",1499
INC038_PHONE_01,INC038,phone,+91 90000 01038,+919000001038
INC038_EMAIL_02,INC038,email,contact038@example.com,contact038@example.com
INC038_URL_03,INC038,url,https://example.com/order-status,https://example.com/order-status
INC038_TRANSACTION_ID_04,INC038,transaction_id,TXN0038ABC,TXN0038ABC
INC038_UTR_05,INC038,utr,UTR2026000038,UTR2026000038
INC038_AMOUNT_06,INC038,amount,"₹25,000",25000
INC039_PHONE_01,INC039,phone,+91 90000 01039,+919000001039
INC039_EMAIL_02,INC039,email,contact039@example.com,contact039@example.com
INC039_URL_03,INC039,url,https://example.org/bill,https://example.org/bill
INC039_TRANSACTION_ID_04,INC039,transaction_id,TXN0039ABC,TXN0039ABC
INC039_UTR_05,INC039,utr,UTR2026000039,UTR2026000039
INC039_AMOUNT_06,INC039,amount,"₹15,000",15000
INC040_PHONE_01,INC040,phone,+91 90000 01040,+919000001040
INC040_EMAIL_02,INC040,email,contact040@example.com,contact040@example.com
INC040_URL_03,INC040,url,https://example.com/order-status,https://example.com/order-status
INC040_TRANSACTION_ID_04,INC040,transaction_id,TXN0040ABC,TXN0040ABC
INC040_UTR_05,INC040,utr,UTR2026000040,UTR2026000040
INC040_AMOUNT_06,INC040,amount,"₹9,999",9999
INC041_PHONE_01,INC041,phone,+91 90000 01041,+919000001041
INC041_EMAIL_02,INC041,email,contact041@example.com,contact041@example.com
INC041_URL_03,INC041,url,https://example.net/account,https://example.net/account
INC041_TRANSACTION_ID_04,INC041,transaction_id,TXN0041ABC,TXN0041ABC
INC041_UTR_05,INC041,utr,UTR2026000041,UTR2026000041
INC041_AMOUNT_06,INC041,amount,"₹9,999",9999
INC042_PHONE_01,INC042,phone,+91 90000 01042,+919000001042
INC042_EMAIL_02,INC042,email,contact042@example.com,contact042@example.com
INC042_URL_03,INC042,url,https://example.com/order-status,https://example.com/order-status
INC042_TRANSACTION_ID_04,INC042,transaction_id,TXN0042ABC,TXN0042ABC
INC042_UTR_05,INC042,utr,UTR2026000042,UTR2026000042
INC042_AMOUNT_06,INC042,amount,"₹1,499",1499
INC043_PHONE_01,INC043,phone,+91 90000 01043,+919000001043
INC043_EMAIL_02,INC043,email,contact043@example.com,contact043@example.com
INC043_URL_03,INC043,url,https://example.net/account,https://example.net/account
INC043_TRANSACTION_ID_04,INC043,transaction_id,TXN0043ABC,TXN0043ABC
INC043_UTR_05,INC043,utr,UTR2026000043,UTR2026000043
INC043_AMOUNT_06,INC043,amount,"₹15,000",15000
INC044_PHONE_01,INC044,phone,+91 90000 01044,+919000001044
INC044_EMAIL_02,INC044,email,contact044@example.com,contact044@example.com
INC044_URL_03,INC044,url,https://example.com/order-status,https://example.com/order-status
INC044_TRANSACTION_ID_04,INC044,transaction_id,TXN0044ABC,TXN0044ABC
INC044_UTR_05,INC044,utr,UTR2026000044,UTR2026000044
INC044_AMOUNT_06,INC044,amount,₹999,999
INC045_PHONE_01,INC045,phone,+91 90000 01045,+919000001045
INC045_EMAIL_02,INC045,email,contact045@example.com,contact045@example.com
INC045_URL_03,INC045,url,https://example.net/account,https://example.net/account
INC045_TRANSACTION_ID_04,INC045,transaction_id,TXN0045ABC,TXN0045ABC
INC045_UTR_05,INC045,utr,UTR2026000045,UTR2026000045
INC045_AMOUNT_06,INC045,amount,"₹1,499",1499
INC046_PHONE_01,INC046,phone,+91 90000 01046,+919000001046
INC046_EMAIL_02,INC046,email,contact046@example.com,contact046@example.com
INC046_URL_03,INC046,url,https://example.org/bill,https://example.org/bill
INC046_TRANSACTION_ID_04,INC046,transaction_id,TXN0046ABC,TXN0046ABC
INC046_UTR_05,INC046,utr,UTR2026000046,UTR2026000046
INC046_AMOUNT_06,INC046,amount,"₹25,000",25000
INC047_PHONE_01,INC047,phone,+91 90000 01047,+919000001047
INC047_EMAIL_02,INC047,email,contact047@example.com,contact047@example.com
INC047_URL_03,INC047,url,https://example.org/bill,https://example.org/bill
INC047_TRANSACTION_ID_04,INC047,transaction_id,TXN0047ABC,TXN0047ABC
INC047_UTR_05,INC047,utr,UTR2026000047,UTR2026000047
INC047_AMOUNT_06,INC047,amount,"₹2,499",2499
INC048_PHONE_01,INC048,phone,+91 90000 01048,+919000001048
INC048_EMAIL_02,INC048,email,contact048@example.com,contact048@example.com
INC048_URL_03,INC048,url,https://example.com/order-status,https://example.com/order-status
INC048_TRANSACTION_ID_04,INC048,transaction_id,TXN0048ABC,TXN0048ABC
INC048_UTR_05,INC048,utr,UTR2026000048,UTR2026000048
INC048_AMOUNT_06,INC048,amount,₹799,799
INC049_PHONE_01,INC049,phone,+91 90000 01049,+919000001049
INC049_EMAIL_02,INC049,email,contact049@example.com,contact049@example.com
INC049_URL_03,INC049,url,https://example.net/account,https://example.net/account
INC049_TRANSACTION_ID_04,INC049,transaction_id,TXN0049ABC,TXN0049ABC
INC049_UTR_05,INC049,utr,UTR2026000049,UTR2026000049
INC049_AMOUNT_06,INC049,amount,₹799,799
INC050_PHONE_01,INC050,phone,+91 90000 01050,+919000001050
INC050_EMAIL_02,INC050,email,contact050@example.com,contact050@example.com
INC050_URL_03,INC050,url,https://example.com/order-status,https://example.com/order-status
INC050_TRANSACTION_ID_04,INC050,transaction_id,TXN0050ABC,TXN0050ABC
INC050_UTR_05,INC050,utr,UTR2026000050,UTR2026000050
INC050_AMOUNT_06,INC050,amount,"₹4,999",4999
