evidence_id,entity_id,extraction_method,confidence
INC001_EV01,INC001_PHONE_01,synthetic_ground_truth,1.0
INC001_EV02,INC001_PHONE_01,synthetic_ground_truth,1.0
INC001_EV03,INC001_PHONE_01,synthetic_ground_truth,1.0
INC001_EV04,INC001_PHONE_01,synthetic_ground_truth,1.0
INC001_EV05,INC001_PHONE_01,synthetic_ground_truth,1.0
INC001_EV04,INC001_EMAIL_02,synthetic_ground_truth,1.0
INC001_EV01,INC001_URL_03,synthetic_ground_truth,1.0
INC001_EV02,INC001_URL_03,synthetic_ground_truth,1.0
INC001_EV02,INC001_TRANSACTION_ID_04,synthetic_ground_truth,1.0
INC001_EV03,INC001_TRANSACTION_ID_04,synthetic_ground_truth,1.0
INC001_EV04,INC001_TRANSACTION_ID_04,synthetic_ground_truth,1.0
INC001_EV03,INC001_UTR_05,synthetic_ground_truth,1.0
INC001_EV04,INC001_UTR_05,synthetic_ground_truth,1.0
INC001_EV01,INC001_AMOUNT_06,synthetic_ground_truth,1.0
INC001_EV02,INC001_AMOUNT_06,synthetic_ground_truth,1.0
INC001_EV03,INC001_AMOUNT_06,synthetic_ground_truth,1.0
INC001_EV04,INC001_AMOUNT_06,synthetic_ground_truth,1.0
INC002_EV01,INC002_PHONE_01,synthetic_ground_truth,1.0
INC002_EV02,INC002_PHONE_01,synthetic_ground_truth,1.0
INC002_EV03,INC002_PHONE_01,synthetic_ground_truth,1.0
INC002_EV04,INC002_PHONE_01,synthetic_ground_truth,1.0
INC002_EV05,INC002_PHONE_01,synthetic_ground_truth,1.0
INC002_EV04,INC002_EMAIL_02,synthetic_ground_truth,1.0
INC002_EV01,INC002_URL_03,synthetic_ground_truth,1.0
INC002_EV02,INC002_URL_03,synthetic_ground_truth,1.0
INC002_EV02,INC002_TRANSACTION_ID_04,synthetic_ground_truth,1.0
INC002_EV03,INC002_TRANSACTION_ID_04,synthetic_ground_truth,1.0
INC002_EV04,INC002_TRANSACTION_ID_04,synthetic_ground_truth,1.0
INC002_EV03,INC002_UTR_05,synthetic_ground_truth,1.0
INC002_EV04,INC002_UTR_05,synthetic_ground_truth,1.0
INC002_EV01,INC002_AMOUNT_06,synthetic_ground_truth,1.0
INC002_EV02,INC002_AMOUNT_06,synthetic_ground_truth,1.0
INC002_EV03,INC002_AMOUNT_06,synthetic_ground_truth,1.0
INC002_EV04,INC002_AMOUNT_06,synthetic_ground_truth,1.0
INC003_EV01,INC003_PHONE_01,synthetic_ground_truth,1.0
INC003_EV02,INC003_PHONE_01,synthetic_ground_truth,1.0
INC003_EV03,INC003_PHONE_01,synthetic_ground_truth,1.0
INC003_EV04,INC003_PHONE_01,synthetic_ground_truth,1.0
INC003_EV05,INC003_PHONE_01,synthetic_ground_truth,1.0
INC003_EV04,INC003_EMAIL_02,synthetic_ground_truth,1.0
INC003_EV01,INC003_URL_03,synthetic_ground_truth,1.0
INC003_EV02,INC003_URL_03,synthetic_ground_truth,1.0
INC003_EV02,INC003_TRANSACTION_ID_04,synthetic_ground_truth,1.0
INC003_EV03,INC003_TRANSACTION_ID_04,synthetic_ground_truth,1.0
INC003_EV04,INC003_TRANSACTION_ID_04,synthetic_ground_truth,1.0
INC003_EV03,INC003_UTR_05,synthetic_ground_truth,1.0
INC003_EV04,INC003_UTR_05,synthetic_ground_truth,1.0
INC003_EV01,INC003_AMOUNT_06,synthetic_ground_truth,1.0
INC003_EV02,INC003_AMOUNT_06,synthetic_ground_truth,1.0
INC003_EV03,INC003_AMOUNT_06,synthetic_ground_truth,1.0
INC003_EV04,INC003_AMOUNT_06,synthetic_ground_truth,1.0
INC004_EV01,INC004_PHONE_01,synthetic_ground_truth,1.0
INC004_EV02,INC004_PHONE_01,synthetic_ground_truth,1.0
INC004_EV03,INC004_PHONE_01,synthetic_ground_truth,1.0
INC004_EV04,INC004_PHONE_01,synthetic_ground_truth,1.0
INC004_EV05,INC004_PHONE_01,synthetic_ground_truth,1.0
INC004_EV04,INC004_EMAIL_02,synthetic_ground_truth,1.0
INC004_EV01,INC004_URL_03,synthetic_ground_truth,1.0
INC004_EV02,INC004_URL_03,synthetic_ground_truth,1.0
INC004_EV02,INC004_TRANSACTION_ID_04,synthetic_ground_truth,1.0
INC004_EV03,INC004_TRANSACTION_ID_04,synthetic_ground_truth,1.0
INC004_EV04,INC004_TRANSACTION_ID_04,synthetic_ground_truth,1.0
INC004_EV03,INC004_UTR_05,synthetic_ground_truth,1.0
INC004_EV04,INC004_UTR_05,synthetic_ground_truth,1.0
INC004_EV01,INC004_AMOUNT_06,synthetic_ground_truth,1.0
INC004_EV02,INC004_AMOUNT_06,synthetic_ground_truth,1.0
INC004_EV03,INC004_AMOUNT_06,synthetic_ground_truth,1.0
INC004_EV04,INC004_AMOUNT_06,synthetic_ground_truth,1.0
INC005_EV01,INC005_PHONE_01,synthetic_ground_truth,1.0
INC005_EV02,INC005_PHONE_01,synthetic_ground_truth,1.0
INC005_EV03,INC005_PHONE_01,synthetic_ground_truth,1.0
INC005_EV04,INC005_PHONE_01,synthetic_ground_truth,1.0
INC005_EV05,INC005_PHONE_01,synthetic_ground_truth,1.0
INC005_EV04,INC005_EMAIL_02,synthetic_ground_truth,1.0
INC005_EV01,INC005_URL_03,synthetic_ground_truth,1.0
INC005_EV02,INC005_URL_03,synthetic_ground_truth,1.0
INC005_EV02,INC005_TRANSACTION_ID_04,synthetic_ground_truth,1.0
INC005_EV03,INC005_TRANSACTION_ID_04,synthetic_ground_truth,1.0
INC005_EV04,INC005_TRANSACTION_ID_04,synthetic_ground_truth,1.0
INC005_EV03,INC005_UTR_05,synthetic_ground_truth,1.0
INC005_EV04,INC005_UTR_05,synthetic_ground_truth,1.0
INC005_EV01,INC005_AMOUNT_06,synthetic_ground_truth,1.0
INC005_EV02,INC005_AMOUNT_06,synthetic_ground_truth,1.0
INC005_EV03,INC005_AMOUNT_06,synthetic_ground_truth,1.0
INC005_EV04,INC005_AMOUNT_06,synthetic_ground_truth,1.0
INC006_EV01,INC006_PHONE_01,synthetic_ground_truth,1.0
INC006_EV02,INC006_PHONE_01,synthetic_ground_truth,1.0
INC006_EV03,INC006_PHONE_01,synthetic_ground_truth,1.0
INC006_EV04,INC006_PHONE_01,synthetic_ground_truth,1.0
INC006_EV05,INC006_PHONE_01,synthetic_ground_truth,1.0
INC006_EV04,INC006_EMAIL_02,synthetic_ground_truth,1.0
INC006_EV01,INC006_URL_03,synthetic_ground_truth,1.0
INC006_EV02,INC006_URL_03,synthetic_ground_truth,1.0
INC006_EV02,INC006_TRANSACTION_ID_04,synthetic_ground_truth,1.0
INC006_EV03,INC006_TRANSACTION_ID_04,synthetic_ground_truth,1.0
INC006_EV04,INC006_TRANSACTION_ID_04,synthetic_ground_truth,1.0
INC006_EV03,INC006_UTR_05,synthetic_ground_truth,1.0
INC006_EV04,INC006_UTR_05,synthetic_ground_truth,1.0
INC006_EV01,INC006_AMOUNT_06,synthetic_ground_truth,1.0
INC006_EV02,INC006_AMOUNT_06,synthetic_ground_truth,1.0
INC006_EV03,INC006_AMOUNT_06,synthetic_ground_truth,1.0
INC006_EV04,INC006_AMOUNT_06,synthetic_ground_truth,1.0
INC007_EV01,INC007_PHONE_01,synthetic_ground_truth,1.0
INC007_EV02,INC007_PHONE_01,synthetic_ground_truth,1.0
INC007_EV03,INC007_PHONE_01,synthetic_ground_truth,1.0
INC007_EV04,INC007_PHONE_01,synthetic_ground_truth,1.0
INC007_EV05,INC007_PHONE_01,synthetic_ground_truth,1.0
INC007_EV04,INC007_EMAIL_02,synthetic_ground_truth,1.0
INC007_EV01,INC007_URL_03,synthetic_ground_truth,1.0
INC007_EV02,INC007_URL_03,synthetic_ground_truth,1.0
INC007_EV02,INC007_TRANSACTION_ID_04,synthetic_ground_truth,1.0
INC007_EV03,INC007_TRANSACTION_ID_04,synthetic_ground_truth,1.0
INC007_EV04,INC007_TRANSACTION_ID_04,synthetic_ground_truth,1.0
INC007_EV03,INC007_UTR_05,synthetic_ground_truth,1.0
INC007_EV04,INC007_UTR_05,synthetic_ground_truth,1.0
INC007_EV01,INC007_AMOUNT_06,synthetic_ground_truth,1.0
INC007_EV02,INC007_AMOUNT_06,synthetic_ground_truth,1.0
INC007_EV03,INC007_AMOUNT_06,synthetic_ground_truth,1.0
INC007_EV04,INC007_AMOUNT_06,synthetic_ground_truth,1.0
INC007_EV01,INC007_AMOUNT_07,synthetic_ground_truth,1.0
INC007_EV02,INC007_AMOUNT_07,synthetic_ground_truth,1.0
INC007_EV03,INC007_AMOUNT_07,synthetic_ground_truth,1.0
INC007_EV04,INC007_AMOUNT_07,synthetic_ground_truth,1.0
INC008_EV01,INC008_PHONE_01,synthetic_ground_truth,1.0
INC008_EV02,INC008_PHONE_01,synthetic_ground_truth,1.0
INC008_EV03,INC008_PHONE_01,synthetic_ground_truth,1.0
INC008_EV04,INC008_PHONE_01,synthetic_ground_truth,1.0
INC008_EV05,INC008_PHONE_01,synthetic_ground_truth,1.0
INC008_EV04,INC008_EMAIL_02,synthetic_ground_truth,1.0
INC008_EV01,INC008_URL_03,synthetic_ground_truth,1.0
INC008_EV02,INC008_URL_03,synthetic_ground_truth,1.0
INC008_EV02,INC008_TRANSACTION_ID_04,synthetic_ground_truth,1.0
INC008_EV03,INC008_TRANSACTION_ID_04,synthetic_ground_truth,1.0
INC008_EV04,INC008_TRANSACTION_ID_04,synthetic_ground_truth,1.0
INC008_EV03,INC008_UTR_05,synthetic_ground_truth,1.0
INC008_EV04,INC008_UTR_05,synthetic_ground_truth,1.0
INC008_EV01,INC008_AMOUNT_06,synthetic_ground_truth,1.0
INC008_EV02,INC008_AMOUNT_06,synthetic_ground_truth,1.0
INC008_EV03,INC008_AMOUNT_06,synthetic_ground_truth,1.0
INC008_EV04,INC008_AMOUNT_06,synthetic_ground_truth,1.0
INC009_EV01,INC009_PHONE_01,synthetic_ground_truth,1.0
INC009_EV02,INC009_PHONE_01,synthetic_ground_truth,1.0
INC009_EV03,INC009_PHONE_01,synthetic_ground_truth,1.0
INC009_EV04,INC009_PHONE_01,synthetic_ground_truth,1.0
INC009_EV05,INC009_PHONE_01,synthetic_ground_truth,1.0
INC009_EV04,INC009_EMAIL_02,synthetic_ground_truth,1.0
INC009_EV01,INC009_URL_03,synthetic_ground_truth,1.0
INC009_EV02,INC009_URL_03,synthetic_ground_truth,1.0
INC009_EV02,INC009_TRANSACTION_ID_04,synthetic_ground_truth,1.0
INC009_EV03,INC009_TRANSACTION_ID_04,synthetic_ground_truth,1.0
INC009_EV04,INC009_TRANSACTION_ID_04,synthetic_ground_truth,1.0
INC009_EV03,INC009_UTR_05,synthetic_ground_truth,1.0
INC009_EV04,INC009_UTR_05,synthetic_ground_truth,1.0
INC009_EV01,INC009_AMOUNT_06,synthetic_ground_truth,1.0
INC009_EV02,INC009_AMOUNT_06,synthetic_ground_truth,1.0
INC009_EV03,INC009_AMOUNT_06,synthetic_ground_truth,1.0
INC009_EV04,INC009_AMOUNT_06,synthetic_ground_truth,1.0
INC010_EV01,INC010_PHONE_01,synthetic_ground_truth,1.0
INC010_EV02,INC010_PHONE_01,synthetic_ground_truth,1.0
INC010_EV03,INC010_PHONE_01,synthetic_ground_truth,1.0
INC010_EV04,INC010_PHONE_01,synthetic_ground_truth,1.0
INC010_EV05,INC010_PHONE_01,synthetic_ground_truth,1.0
INC010_EV04,INC010_EMAIL_02,synthetic_ground_truth,1.0
INC010_EV01,INC010_URL_03,synthetic_ground_truth,1.0
INC010_EV02,INC010_URL_03,synthetic_ground_truth,1.0
INC010_EV02,INC010_TRANSACTION_ID_04,synthetic_ground_truth,1.0
INC010_EV03,INC010_TRANSACTION_ID_04,synthetic_ground_truth,1.0
INC010_EV04,INC010_TRANSACTION_ID_04,synthetic_ground_truth,1.0
INC010_EV03,INC010_UTR_05,synthetic_ground_truth,1.0
INC010_EV04,INC010_UTR_05,synthetic_ground_truth,1.0
INC010_EV01,INC010_AMOUNT_06,synthetic_ground_truth,1.0
INC010_EV02,INC010_AMOUNT_06,synthetic_ground_truth,1.0
INC010_EV03,INC010_AMOUNT_06,synthetic_ground_truth,1.0
INC010_EV04,INC010_AMOUNT_06,synthetic_ground_truth,1.0
INC011_EV01,INC011_PHONE_01,synthetic_ground_truth,1.0
INC011_EV02,INC011_PHONE_01,synthetic_ground_truth,1.0
INC011_EV03,INC011_PHONE_01,synthetic_ground_truth,1.0
INC011_EV04,INC011_PHONE_01,synthetic_ground_truth,1.0
INC011_EV05,INC011_PHONE_01,synthetic_ground_truth,1.0
INC011_EV04,INC011_EMAIL_02,synthetic_ground_truth,1.0
INC011_EV01,INC011_URL_03,synthetic_ground_truth,1.0
INC011_EV02,INC011_URL_03,synthetic_ground_truth,1.0
INC011_EV02,INC011_TRANSACTION_ID_04,synthetic_ground_truth,1.0
INC011_EV03,INC011_TRANSACTION_ID_04,synthetic_ground_truth,1.0
INC011_EV04,INC011_TRANSACTION_ID_04,synthetic_ground_truth,1.0
INC011_EV03,INC011_UTR_05,synthetic_ground_truth,1.0
INC011_EV04,INC011_UTR_05,synthetic_ground_truth,1.0
INC011_EV01,INC011_AMOUNT_06,synthetic_ground_truth,1.0
INC011_EV02,INC011_AMOUNT_06,synthetic_ground_truth,1.0
INC011_EV03,INC011_AMOUNT_06,synthetic_ground_truth,1.0
INC011_EV04,INC011_AMOUNT_06,synthetic_ground_truth,1.0
INC012_EV01,INC012_PHONE_01,synthetic_ground_truth,1.0
INC012_EV02,INC012_PHONE_01,synthetic_ground_truth,1.0
INC012_EV03,INC012_PHONE_01,synthetic_ground_truth,1.0
INC012_EV04,INC012_PHONE_01,synthetic_ground_truth,1.0
INC012_EV05,INC012_PHONE_01,synthetic_ground_truth,1.0
INC012_EV04,INC012_EMAIL_02,synthetic_ground_truth,1.0
INC012_EV01,INC012_URL_03,synthetic_ground_truth,1.0
INC012_EV02,INC012_URL_03,synthetic_ground_truth,1.0
INC012_EV02,INC012_TRANSACTION_ID_04,synthetic_ground_truth,1.0
INC012_EV03,INC012_TRANSACTION_ID_04,synthetic_ground_truth,1.0
INC012_EV04,INC012_TRANSACTION_ID_04,synthetic_ground_truth,1.0
INC012_EV03,INC012_UTR_05,synthetic_ground_truth,1.0
INC012_EV04,INC012_UTR_05,synthetic_ground_truth,1.0
INC012_EV01,INC012_AMOUNT_06,synthetic_ground_truth,1.0
INC012_EV02,INC012_AMOUNT_06,synthetic_ground_truth,1.0
INC012_EV03,INC012_AMOUNT_06,synthetic_ground_truth,1.0
INC012_EV04,INC012_AMOUNT_06,synthetic_ground_truth,1.0
INC013_EV01,INC013_PHONE_01,synthetic_ground_truth,1.0
INC013_EV02,INC013_PHONE_01,synthetic_ground_truth,1.0
INC013_EV03,INC013_PHONE_01,synthetic_ground_truth,1.0
INC013_EV04,INC013_PHONE_01,synthetic_ground_truth,1.0
INC013_EV05,INC013_PHONE_01,synthetic_ground_truth,1.0
INC013_EV04,INC013_EMAIL_02,synthetic_ground_truth,1.0
INC013_EV01,INC013_URL_03,synthetic_ground_truth,1.0
INC013_EV02,INC013_URL_03,synthetic_ground_truth,1.0
INC013_EV02,INC013_TRANSACTION_ID_04,synthetic_ground_truth,1.0
INC013_EV03,INC013_TRANSACTION_ID_04,synthetic_ground_truth,1.0
INC013_EV04,INC013_TRANSACTION_ID_04,synthetic_ground_truth,1.0
INC013_EV03,INC013_UTR_05,synthetic_ground_truth,1.0
INC013_EV04,INC013_UTR_05,synthetic_ground_truth,1.0
INC013_EV01,INC013_AMOUNT_06,synthetic_ground_truth,1.0
INC013_EV02,INC013_AMOUNT_06,synthetic_ground_truth,1.0
INC013_EV03,INC013_AMOUNT_06,synthetic_ground_truth,1.0
INC013_EV04,INC013_AMOUNT_06,synthetic_ground_truth,1.0
INC014_EV01,INC014_PHONE_01,synthetic_ground_truth,1.0
INC014_EV02,INC014_PHONE_01,synthetic_ground_truth,1.0
INC014_EV03,INC014_PHONE_01,synthetic_ground_truth,1.0
INC014_EV04,INC014_PHONE_01,synthetic_ground_truth,1.0
INC014_EV05,INC014_PHONE_01,synthetic_ground_truth,1.0
INC014_EV04,INC014_EMAIL_02,synthetic_ground_truth,1.0
INC014_EV01,INC014_URL_03,synthetic_ground_truth,1.0
INC014_EV02,INC014_URL_03,synthetic_ground_truth,1.0
INC014_EV02,INC014_TRANSACTION_ID_04,synthetic_ground_truth,1.0
INC014_EV03,INC014_TRANSACTION_ID_04,synthetic_ground_truth,1.0
INC014_EV04,INC014_TRANSACTION_ID_04,synthetic_ground_truth,1.0
INC014_EV03,INC014_UTR_05,synthetic_ground_truth,1.0
INC014_EV04,INC014_UTR_05,synthetic_ground_truth,1.0
INC014_EV01,INC014_AMOUNT_06,synthetic_ground_truth,1.0
INC014_EV02,INC014_AMOUNT_06,synthetic_ground_truth,1.0
INC014_EV03,INC014_AMOUNT_06,synthetic_ground_truth,1.0
INC014_EV04,INC014_AMOUNT_06,synthetic_ground_truth,1.0
INC015_EV01,INC015_PHONE_01,synthetic_ground_truth,1.0
INC015_EV02,INC015_PHONE_01,synthetic_ground_truth,1.0
INC015_EV03,INC015_PHONE_01,synthetic_ground_truth,1.0
INC015_EV04,INC015_PHONE_01,synthetic_ground_truth,1.0
INC015_EV05,INC015_PHONE_01,synthetic_ground_truth,1.0
INC015_EV04,INC015_EMAIL_02,synthetic_ground_truth,1.0
INC015_EV01,INC015_URL_03,synthetic_ground_truth,1.0
INC015_EV02,INC015_URL_03,synthetic_ground_truth,1.0
INC015_EV02,INC015_TRANSACTION_ID_04,synthetic_ground_truth,1.0
INC015_EV03,INC015_TRANSACTION_ID_04,synthetic_ground_truth,1.0
INC015_EV04,INC015_TRANSACTION_ID_04,synthetic_ground_truth,1.0
INC015_EV03,INC015_UTR_05,synthetic_ground_truth,1.0
INC015_EV04,INC015_UTR_05,synthetic_ground_truth,1.0
INC015_EV01,INC015_AMOUNT_06,synthetic_ground_truth,1.0
INC015_EV02,INC015_AMOUNT_06,synthetic_ground_truth,1.0
INC015_EV03,INC015_AMOUNT_06,synthetic_ground_truth,1.0
INC015_EV04,INC015_AMOUNT_06,synthetic_ground_truth,1.0
INC016_EV01,INC016_PHONE_01,synthetic_ground_truth,1.0
INC016_EV02,INC016_PHONE_01,synthetic_ground_truth,1.0
INC016_EV03,INC016_PHONE_01,synthetic_ground_truth,1.0
INC016_EV04,INC016_PHONE_01,synthetic_ground_truth,1.0
INC016_EV05,INC016_PHONE_01,synthetic_ground_truth,1.0
INC016_EV04,INC016_EMAIL_02,synthetic_ground_truth,1.0
INC016_EV01,INC016_URL_03,synthetic_ground_truth,1.0
INC016_EV02,INC016_URL_03,synthetic_ground_truth,1.0
INC016_EV02,INC016_TRANSACTION_ID_04,synthetic_ground_truth,1.0
INC016_EV03,INC016_TRANSACTION_ID_04,synthetic_ground_truth,1.0
INC016_EV04,INC016_TRANSACTION_ID_04,synthetic_ground_truth,1.0
INC016_EV03,INC016_UTR_05,synthetic_ground_truth,1.0
INC016_EV04,INC016_UTR_05,synthetic_ground_truth,1.0
INC016_EV01,INC016_AMOUNT_06,synthetic_ground_truth,1.0
INC016_EV02,INC016_AMOUNT_06,synthetic_ground_truth,1.0
INC016_EV03,INC016_AMOUNT_06,synthetic_ground_truth,1.0
INC016_EV04,INC016_AMOUNT_06,synthetic_ground_truth,1.0
INC017_EV01,INC017_PHONE_01,synthetic_ground_truth,1.0
INC017_EV02,INC017_PHONE_01,synthetic_ground_truth,1.0
INC017_EV03,INC017_PHONE_01,synthetic_ground_truth,1.0
INC017_EV04,INC017_PHONE_01,synthetic_ground_truth,1.0
INC017_EV05,INC017_PHONE_01,synthetic_ground_truth,1.0
INC017_EV04,INC017_EMAIL_02,synthetic_ground_truth,1.0
INC017_EV01,INC017_URL_03,synthetic_ground_truth,1.0
INC017_EV02,INC017_URL_03,synthetic_ground_truth,1.0
INC017_EV02,INC017_TRANSACTION_ID_04,synthetic_ground_truth,1.0
INC017_EV03,INC017_TRANSACTION_ID_04,synthetic_ground_truth,1.0
INC017_EV04,INC017_TRANSACTION_ID_04,synthetic_ground_truth,1.0
INC017_EV03,INC017_UTR_05,synthetic_ground_truth,1.0
INC017_EV04,INC017_UTR_05,synthetic_ground_truth,1.0
INC017_EV01,INC017_AMOUNT_06,synthetic_ground_truth,1.0
INC017_EV02,INC017_AMOUNT_06,synthetic_ground_truth,1.0
INC017_EV03,INC017_AMOUNT_06,synthetic_ground_truth,1.0
INC017_EV04,INC017_AMOUNT_06,synthetic_ground_truth,1.0
INC018_EV01,INC018_PHONE_01,synthetic_ground_truth,1.0
INC018_EV02,INC018_PHONE_01,synthetic_ground_truth,1.0
INC018_EV03,INC018_PHONE_01,synthetic_ground_truth,1.0
INC018_EV04,INC018_PHONE_01,synthetic_ground_truth,1.0
INC018_EV05,INC018_PHONE_01,synthetic_ground_truth,1.0
INC018_EV04,INC018_EMAIL_02,synthetic_ground_truth,1.0
INC018_EV01,INC018_URL_03,synthetic_ground_truth,1.0
INC018_EV02,INC018_URL_03,synthetic_ground_truth,1.0
INC018_EV02,INC018_TRANSACTION_ID_04,synthetic_ground_truth,1.0
INC018_EV03,INC018_TRANSACTION_ID_04,synthetic_ground_truth,1.0
INC018_EV04,INC018_TRANSACTION_ID_04,synthetic_ground_truth,1.0
INC018_EV03,INC018_UTR_05,synthetic_ground_truth,1.0
INC018_EV04,INC018_UTR_05,synthetic_ground_truth,1.0
INC018_EV01,INC018_AMOUNT_06,synthetic_ground_truth,1.0
INC018_EV02,INC018_AMOUNT_06,synthetic_ground_truth,1.0
INC018_EV03,INC018_AMOUNT_06,synthetic_ground_truth,1.0
INC018_EV04,INC018_AMOUNT_06,synthetic_ground_truth,1.0
INC018_EV01,INC018_AMOUNT_07,synthetic_ground_truth,1.0
INC018_EV02,INC018_AMOUNT_07,synthetic_ground_truth,1.0
INC018_EV03,INC018_AMOUNT_07,synthetic_ground_truth,1.0
INC018_EV04,INC018_AMOUNT_07,synthetic_ground_truth,1.0
INC019_EV01,INC019_PHONE_01,synthetic_ground_truth,1.0
INC019_EV02,INC019_PHONE_01,synthetic_ground_truth,1.0
INC019_EV03,INC019_PHONE_01,synthetic_ground_truth,1.0
INC019_EV04,INC019_PHONE_01,synthetic_ground_truth,1.0
INC019_EV05,INC019_PHONE_01,synthetic_ground_truth,1.0
INC019_EV04,INC019_EMAIL_02,synthetic_ground_truth,1.0
INC019_EV01,INC019_URL_03,synthetic_ground_truth,1.0
INC019_EV02,INC019_URL_03,synthetic_ground_truth,1.0
INC019_EV02,INC019_TRANSACTION_ID_04,synthetic_ground_truth,1.0
INC019_EV03,INC019_TRANSACTION_ID_04,synthetic_ground_truth,1.0
INC019_EV04,INC019_TRANSACTION_ID_04,synthetic_ground_truth,1.0
INC019_EV03,INC019_UTR_05,synthetic_ground_truth,1.0
INC019_EV04,INC019_UTR_05,synthetic_ground_truth,1.0
INC019_EV01,INC019_AMOUNT_06,synthetic_ground_truth,1.0
INC019_EV02,INC019_AMOUNT_06,synthetic_ground_truth,1.0
INC019_EV03,INC019_AMOUNT_06,synthetic_ground_truth,1.0
INC019_EV04,INC019_AMOUNT_06,synthetic_ground_truth,1.0
INC020_EV01,INC020_PHONE_01,synthetic_ground_truth,1.0
INC020_EV02,INC020_PHONE_01,synthetic_ground_truth,1.0
INC020_EV03,INC020_PHONE_01,synthetic_ground_truth,1.0
INC020_EV04,INC020_PHONE_01,synthetic_ground_truth,1.0
INC020_EV05,INC020_PHONE_01,synthetic_ground_truth,1.0
INC020_EV04,INC020_EMAIL_02,synthetic_ground_truth,1.0
INC020_EV01,INC020_URL_03,synthetic_ground_truth,1.0
INC020_EV02,INC020_URL_03,synthetic_ground_truth,1.0
INC020_EV02,INC020_TRANSACTION_ID_04,synthetic_ground_truth,1.0
INC020_EV03,INC020_TRANSACTION_ID_04,synthetic_ground_truth,1.0
INC020_EV04,INC020_TRANSACTION_ID_04,synthetic_ground_truth,1.0
INC020_EV03,INC020_UTR_05,synthetic_ground_truth,1.0
INC020_EV04,INC020_UTR_05,synthetic_ground_truth,1.0
INC020_EV01,INC020_AMOUNT_06,synthetic_ground_truth,1.0
INC020_EV02,INC020_AMOUNT_06,synthetic_ground_truth,1.0
INC020_EV03,INC020_AMOUNT_06,synthetic_ground_truth,1.0
INC020_EV04,INC020_AMOUNT_06,synthetic_ground_truth,1.0
INC021_EV01,INC021_PHONE_01,synthetic_ground_truth,1.0
INC021_EV02,INC021_PHONE_01,synthetic_ground_truth,1.0
INC021_EV03,INC021_PHONE_01,synthetic_ground_truth,1.0
INC021_EV04,INC021_PHONE_01,synthetic_ground_truth,1.0
INC021_EV05,INC021_PHONE_01,synthetic_ground_truth,1.0
INC021_EV04,INC021_EMAIL_02,synthetic_ground_truth,1.0
INC021_EV01,INC021_URL_03,synthetic_ground_truth,1.0
INC021_EV02,INC021_URL_03,synthetic_ground_truth,1.0
INC021_EV02,INC021_TRANSACTION_ID_04,synthetic_ground_truth,1.0
INC021_EV03,INC021_TRANSACTION_ID_04,synthetic_ground_truth,1.0
INC021_EV04,INC021_TRANSACTION_ID_04,synthetic_ground_truth,1.0
INC021_EV03,INC021_UTR_05,synthetic_ground_truth,1.0
INC021_EV04,INC021_UTR_05,synthetic_ground_truth,1.0
INC021_EV01,INC021_AMOUNT_06,synthetic_ground_truth,1.0
INC021_EV02,INC021_AMOUNT_06,synthetic_ground_truth,1.0
INC021_EV03,INC021_AMOUNT_06,synthetic_ground_truth,1.0
INC021_EV04,INC021_AMOUNT_06,synthetic_ground_truth,1.0
INC022_EV01,INC022_PHONE_01,synthetic_ground_truth,1.0
INC022_EV02,INC022_PHONE_01,synthetic_ground_truth,1.0
INC022_EV03,INC022_PHONE_01,synthetic_ground_truth,1.0
INC022_EV04,INC022_PHONE_01,synthetic_ground_truth,1.0
INC022_EV05,INC022_PHONE_01,synthetic_ground_truth,1.0
INC022_EV04,INC022_EMAIL_02,synthetic_ground_truth,1.0
INC022_EV01,INC022_URL_03,synthetic_ground_truth,1.0
INC022_EV02,INC022_URL_03,synthetic_ground_truth,1.0
INC022_EV02,INC022_TRANSACTION_ID_04,synthetic_ground_truth,1.0
INC022_EV03,INC022_TRANSACTION_ID_04,synthetic_ground_truth,1.0
INC022_EV04,INC022_TRANSACTION_ID_04,synthetic_ground_truth,1.0
INC022_EV03,INC022_UTR_05,synthetic_ground_truth,1.0
INC022_EV04,INC022_UTR_05,synthetic_ground_truth,1.0
INC022_EV01,INC022_AMOUNT_06,synthetic_ground_truth,1.0
INC022_EV02,INC022_AMOUNT_06,synthetic_ground_truth,1.0
INC022_EV03,INC022_AMOUNT_06,synthetic_ground_truth,1.0
INC022_EV04,INC022_AMOUNT_06,synthetic_ground_truth,1.0
INC023_EV01,INC023_PHONE_01,synthetic_ground_truth,1.0
INC023_EV02,INC023_PHONE_01,synthetic_ground_truth,1.0
INC023_EV03,INC023_PHONE_01,synthetic_ground_truth,1.0
INC023_EV04,INC023_PHONE_01,synthetic_ground_truth,1.0
INC023_EV05,INC023_PHONE_01,synthetic_ground_truth,1.0
INC023_EV04,INC023_EMAIL_02,synthetic_ground_truth,1.0
INC023_EV01,INC023_URL_03,synthetic_ground_truth,1.0
INC023_EV02,INC023_URL_03,synthetic_ground_truth,1.0
INC023_EV02,INC023_TRANSACTION_ID_04,synthetic_ground_truth,1.0
INC023_EV03,INC023_TRANSACTION_ID_04,synthetic_ground_truth,1.0
INC023_EV04,INC023_TRANSACTION_ID_04,synthetic_ground_truth,1.0
INC023_EV03,INC023_UTR_05,synthetic_ground_truth,1.0
INC023_EV04,INC023_UTR_05,synthetic_ground_truth,1.0
INC023_EV01,INC023_AMOUNT_06,synthetic_ground_truth,1.0
INC023_EV02,INC023_AMOUNT_06,synthetic_ground_truth,1.0
INC023_EV03,INC023_AMOUNT_06,synthetic_ground_truth,1.0
INC023_EV04,INC023_AMOUNT_06,synthetic_ground_truth,1.0
INC024_EV01,INC024_PHONE_01,synthetic_ground_truth,1.0
INC024_EV02,INC024_PHONE_01,synthetic_ground_truth,1.0
INC024_EV03,INC024_PHONE_01,synthetic_ground_truth,1.0
INC024_EV04,INC024_PHONE_01,synthetic_ground_truth,1.0
INC024_EV05,INC024_PHONE_01,synthetic_ground_truth,1.0
INC024_EV04,INC024_EMAIL_02,synthetic_ground_truth,1.0
INC024_EV01,INC024_URL_03,synthetic_ground_truth,1.0
INC024_EV02,INC024_URL_03,synthetic_ground_truth,1.0
INC024_EV02,INC024_TRANSACTION_ID_04,synthetic_ground_truth,1.0
INC024_EV03,INC024_TRANSACTION_ID_04,synthetic_ground_truth,1.0
INC024_EV04,INC024_TRANSACTION_ID_04,synthetic_ground_truth,1.0
INC024_EV03,INC024_UTR_05,synthetic_ground_truth,1.0
INC024_EV04,INC024_UTR_05,synthetic_ground_truth,1.0
INC024_EV01,INC024_AMOUNT_06,synthetic_ground_truth,1.0
INC024_EV02,INC024_AMOUNT_06,synthetic_ground_truth,1.0
INC024_EV03,INC024_AMOUNT_06,synthetic_ground_truth,1.0
INC024_EV04,INC024_AMOUNT_06,synthetic_ground_truth,1.0
INC025_EV01,INC025_PHONE_01,synthetic_ground_truth,1.0
INC025_EV02,INC025_PHONE_01,synthetic_ground_truth,1.0
INC025_EV03,INC025_PHONE_01,synthetic_ground_truth,1.0
INC025_EV04,INC025_PHONE_01,synthetic_ground_truth,1.0
INC025_EV05,INC025_PHONE_01,synthetic_ground_truth,1.0
INC025_EV04,INC025_EMAIL_02,synthetic_ground_truth,1.0
INC025_EV01,INC025_URL_03,synthetic_ground_truth,1.0
INC025_EV02,INC025_URL_03,synthetic_ground_truth,1.0
INC025_EV02,INC025_TRANSACTION_ID_04,synthetic_ground_truth,1.0
INC025_EV03,INC025_TRANSACTION_ID_04,synthetic_ground_truth,1.0
INC025_EV04,INC025_TRANSACTION_ID_04,synthetic_ground_truth,1.0
INC025_EV03,INC025_UTR_05,synthetic_ground_truth,1.0
INC025_EV04,INC025_UTR_05,synthetic_ground_truth,1.0
INC025_EV01,INC025_AMOUNT_06,synthetic_ground_truth,1.0
INC025_EV02,INC025_AMOUNT_06,synthetic_ground_truth,1.0
INC025_EV03,INC025_AMOUNT_06,synthetic_ground_truth,1.0
INC025_EV04,INC025_AMOUNT_06,synthetic_ground_truth,1.0
INC026_EV01,INC026_PHONE_01,synthetic_ground_truth,1.0
INC026_EV02,INC026_PHONE_01,synthetic_ground_truth,1.0
INC026_EV03,INC026_PHONE_01,synthetic_ground_truth,1.0
INC026_EV04,INC026_PHONE_01,synthetic_ground_truth,1.0
INC026_EV05,INC026_PHONE_01,synthetic_ground_truth,1.0
INC026_EV04,INC026_EMAIL_02,synthetic_ground_truth,1.0
INC026_EV01,INC026_URL_03,synthetic_ground_truth,1.0
INC026_EV02,INC026_URL_03,synthetic_ground_truth,1.0
INC026_EV02,INC026_TRANSACTION_ID_04,synthetic_ground_truth,1.0
INC026_EV03,INC026_TRANSACTION_ID_04,synthetic_ground_truth,1.0
INC026_EV04,INC026_TRANSACTION_ID_04,synthetic_ground_truth,1.0
INC026_EV03,INC026_UTR_05,synthetic_ground_truth,1.0
INC026_EV04,INC026_UTR_05,synthetic_ground_truth,1.0
INC026_EV01,INC026_AMOUNT_06,synthetic_ground_truth,1.0
INC026_EV02,INC026_AMOUNT_06,synthetic_ground_truth,1.0
INC026_EV03,INC026_AMOUNT_06,synthetic_ground_truth,1.0
INC026_EV04,INC026_AMOUNT_06,synthetic_ground_truth,1.0
INC027_EV01,INC027_PHONE_01,synthetic_ground_truth,1.0
INC027_EV02,INC027_PHONE_01,synthetic_ground_truth,1.0
INC027_EV03,INC027_PHONE_01,synthetic_ground_truth,1.0
INC027_EV04,INC027_PHONE_01,synthetic_ground_truth,1.0
INC027_EV05,INC027_PHONE_01,synthetic_ground_truth,1.0
INC027_EV04,INC027_EMAIL_02,synthetic_ground_truth,1.0
INC027_EV01,INC027_URL_03,synthetic_ground_truth,1.0
INC027_EV02,INC027_URL_03,synthetic_ground_truth,1.0
INC027_EV02,INC027_TRANSACTION_ID_04,synthetic_ground_truth,1.0
INC027_EV03,INC027_TRANSACTION_ID_04,synthetic_ground_truth,1.0
INC027_EV04,INC027_TRANSACTION_ID_04,synthetic_ground_truth,1.0
INC027_EV03,INC027_UTR_05,synthetic_ground_truth,1.0
INC027_EV04,INC027_UTR_05,synthetic_ground_truth,1.0
INC027_EV01,INC027_AMOUNT_06,synthetic_ground_truth,1.0
INC027_EV02,INC027_AMOUNT_06,synthetic_ground_truth,1.0
INC027_EV03,INC027_AMOUNT_06,synthetic_ground_truth,1.0
INC027_EV04,INC027_AMOUNT_06,synthetic_ground_truth,1.0
INC028_EV01,INC028_PHONE_01,synthetic_ground_truth,1.0
INC028_EV02,INC028_PHONE_01,synthetic_ground_truth,1.0
INC028_EV03,INC028_PHONE_01,synthetic_ground_truth,1.0
INC028_EV04,INC028_PHONE_01,synthetic_ground_truth,1.0
INC028_EV05,INC028_PHONE_01,synthetic_ground_truth,1.0
INC028_EV04,INC028_EMAIL_02,synthetic_ground_truth,1.0
INC028_EV01,INC028_URL_03,synthetic_ground_truth,1.0
INC028_EV02,INC028_URL_03,synthetic_ground_truth,1.0
INC028_EV02,INC028_TRANSACTION_ID_04,synthetic_ground_truth,1.0
INC028_EV03,INC028_TRANSACTION_ID_04,synthetic_ground_truth,1.0
INC028_EV04,INC028_TRANSACTION_ID_04,synthetic_ground_truth,1.0
INC028_EV03,INC028_UTR_05,synthetic_ground_truth,1.0
INC028_EV04,INC028_UTR_05,synthetic_ground_truth,1.0
INC028_EV01,INC028_AMOUNT_06,synthetic_ground_truth,1.0
INC028_EV02,INC028_AMOUNT_06,synthetic_ground_truth,1.0
INC028_EV03,INC028_AMOUNT_06,synthetic_ground_truth,1.0
INC028_EV04,INC028_AMOUNT_06,synthetic_ground_truth,1.0
INC029_EV01,INC029_PHONE_01,synthetic_ground_truth,1.0
INC029_EV02,INC029_PHONE_01,synthetic_ground_truth,1.0
INC029_EV03,INC029_PHONE_01,synthetic_ground_truth,1.0
INC029_EV04,INC029_PHONE_01,synthetic_ground_truth,1.0
INC029_EV05,INC029_PHONE_01,synthetic_ground_truth,1.0
INC029_EV04,INC029_EMAIL_02,synthetic_ground_truth,1.0
INC029_EV01,INC029_URL_03,synthetic_ground_truth,1.0
INC029_EV02,INC029_URL_03,synthetic_ground_truth,1.0
INC029_EV02,INC029_TRANSACTION_ID_04,synthetic_ground_truth,1.0
INC029_EV03,INC029_TRANSACTION_ID_04,synthetic_ground_truth,1.0
INC029_EV04,INC029_TRANSACTION_ID_04,synthetic_ground_truth,1.0
INC029_EV03,INC029_UTR_05,synthetic_ground_truth,1.0
INC029_EV04,INC029_UTR_05,synthetic_ground_truth,1.0
INC029_EV01,INC029_AMOUNT_06,synthetic_ground_truth,1.0
INC029_EV02,INC029_AMOUNT_06,synthetic_ground_truth,1.0
INC029_EV03,INC029_AMOUNT_06,synthetic_ground_truth,1.0
INC029_EV04,INC029_AMOUNT_06,synthetic_ground_truth,1.0
INC029_EV01,INC029_AMOUNT_07,synthetic_ground_truth,1.0
INC029_EV02,INC029_AMOUNT_07,synthetic_ground_truth,1.0
INC029_EV03,INC029_AMOUNT_07,synthetic_ground_truth,1.0
INC029_EV04,INC029_AMOUNT_07,synthetic_ground_truth,1.0
INC030_EV01,INC030_PHONE_01,synthetic_ground_truth,1.0
INC030_EV02,INC030_PHONE_01,synthetic_ground_truth,1.0
INC030_EV03,INC030_PHONE_01,synthetic_ground_truth,1.0
INC030_EV04,INC030_PHONE_01,synthetic_ground_truth,1.0
INC030_EV05,INC030_PHONE_01,synthetic_ground_truth,1.0
INC030_EV04,INC030_EMAIL_02,synthetic_ground_truth,1.0
INC030_EV01,INC030_URL_03,synthetic_ground_truth,1.0
INC030_EV02,INC030_URL_03,synthetic_ground_truth,1.0
INC030_EV02,INC030_TRANSACTION_ID_04,synthetic_ground_truth,1.0
INC030_EV03,INC030_TRANSACTION_ID_04,synthetic_ground_truth,1.0
INC030_EV04,INC030_TRANSACTION_ID_04,synthetic_ground_truth,1.0
INC030_EV03,INC030_UTR_05,synthetic_ground_truth,1.0
INC030_EV04,INC030_UTR_05,synthetic_ground_truth,1.0
INC030_EV01,INC030_AMOUNT_06,synthetic_ground_truth,1.0
INC030_EV02,INC030_AMOUNT_06,synthetic_ground_truth,1.0
INC030_EV03,INC030_AMOUNT_06,synthetic_ground_truth,1.0
INC030_EV04,INC030_AMOUNT_06,synthetic_ground_truth,1.0
INC031_EV01,INC031_PHONE_01,synthetic_ground_truth,1.0
INC031_EV02,INC031_PHONE_01,synthetic_ground_truth,1.0
INC031_EV03,INC031_PHONE_01,synthetic_ground_truth,1.0
INC031_EV04,INC031_PHONE_01,synthetic_ground_truth,1.0
INC031_EV05,INC031_PHONE_01,synthetic_ground_truth,1.0
INC031_EV04,INC031_EMAIL_02,synthetic_ground_truth,1.0
INC031_EV01,INC031_URL_03,synthetic_ground_truth,1.0
INC031_EV02,INC031_URL_03,synthetic_ground_truth,1.0
INC031_EV02,INC031_TRANSACTION_ID_04,synthetic_ground_truth,1.0
INC031_EV03,INC031_TRANSACTION_ID_04,synthetic_ground_truth,1.0
INC031_EV04,INC031_TRANSACTION_ID_04,synthetic_ground_truth,1.0
INC031_EV03,INC031_UTR_05,synthetic_ground_truth,1.0
INC031_EV04,INC031_UTR_05,synthetic_ground_truth,1.0
INC031_EV01,INC031_AMOUNT_06,synthetic_ground_truth,1.0
INC031_EV02,INC031_AMOUNT_06,synthetic_ground_truth,1.0
INC031_EV03,INC031_AMOUNT_06,synthetic_ground_truth,1.0
INC031_EV04,INC031_AMOUNT_06,synthetic_ground_truth,1.0
INC032_EV01,INC032_PHONE_01,synthetic_ground_truth,1.0
INC032_EV02,INC032_PHONE_01,synthetic_ground_truth,1.0
INC032_EV03,INC032_PHONE_01,synthetic_ground_truth,1.0
INC032_EV04,INC032_PHONE_01,synthetic_ground_truth,1.0
INC032_EV05,INC032_PHONE_01,synthetic_ground_truth,1.0
INC032_EV04,INC032_EMAIL_02,synthetic_ground_truth,1.0
INC032_EV01,INC032_URL_03,synthetic_ground_truth,1.0
INC032_EV02,INC032_URL_03,synthetic_ground_truth,1.0
INC032_EV02,INC032_TRANSACTION_ID_04,synthetic_ground_truth,1.0
INC032_EV03,INC032_TRANSACTION_ID_04,synthetic_ground_truth,1.0
INC032_EV04,INC032_TRANSACTION_ID_04,synthetic_ground_truth,1.0
INC032_EV03,INC032_UTR_05,synthetic_ground_truth,1.0
INC032_EV04,INC032_UTR_05,synthetic_ground_truth,1.0
INC032_EV01,INC032_AMOUNT_06,synthetic_ground_truth,1.0
INC032_EV02,INC032_AMOUNT_06,synthetic_ground_truth,1.0
INC032_EV03,INC032_AMOUNT_06,synthetic_ground_truth,1.0
INC032_EV04,INC032_AMOUNT_06,synthetic_ground_truth,1.0
INC033_EV01,INC033_PHONE_01,synthetic_ground_truth,1.0
INC033_EV02,INC033_PHONE_01,synthetic_ground_truth,1.0
INC033_EV03,INC033_PHONE_01,synthetic_ground_truth,1.0
INC033_EV04,INC033_PHONE_01,synthetic_ground_truth,1.0
INC033_EV05,INC033_PHONE_01,synthetic_ground_truth,1.0
INC033_EV04,INC033_EMAIL_02,synthetic_ground_truth,1.0
INC033_EV01,INC033_URL_03,synthetic_ground_truth,1.0
INC033_EV02,INC033_URL_03,synthetic_ground_truth,1.0
INC033_EV02,INC033_TRANSACTION_ID_04,synthetic_ground_truth,1.0
INC033_EV03,INC033_TRANSACTION_ID_04,synthetic_ground_truth,1.0
INC033_EV04,INC033_TRANSACTION_ID_04,synthetic_ground_truth,1.0
INC033_EV03,INC033_UTR_05,synthetic_ground_truth,1.0
INC033_EV04,INC033_UTR_05,synthetic_ground_truth,1.0
INC033_EV01,INC033_AMOUNT_06,synthetic_ground_truth,1.0
INC033_EV02,INC033_AMOUNT_06,synthetic_ground_truth,1.0
INC033_EV03,INC033_AMOUNT_06,synthetic_ground_truth,1.0
INC033_EV04,INC033_AMOUNT_06,synthetic_ground_truth,1.0
INC034_EV01,INC034_PHONE_01,synthetic_ground_truth,1.0
INC034_EV02,INC034_PHONE_01,synthetic_ground_truth,1.0
INC034_EV03,INC034_PHONE_01,synthetic_ground_truth,1.0
INC034_EV04,INC034_PHONE_01,synthetic_ground_truth,1.0
INC034_EV05,INC034_PHONE_01,synthetic_ground_truth,1.0
INC034_EV04,INC034_EMAIL_02,synthetic_ground_truth,1.0
INC034_EV01,INC034_URL_03,synthetic_ground_truth,1.0
INC034_EV02,INC034_URL_03,synthetic_ground_truth,1.0
INC034_EV02,INC034_TRANSACTION_ID_04,synthetic_ground_truth,1.0
INC034_EV03,INC034_TRANSACTION_ID_04,synthetic_ground_truth,1.0
INC034_EV04,INC034_TRANSACTION_ID_04,synthetic_ground_truth,1.0
INC034_EV03,INC034_UTR_05,synthetic_ground_truth,1.0
INC034_EV04,INC034_UTR_05,synthetic_ground_truth,1.0
INC034_EV01,INC034_AMOUNT_06,synthetic_ground_truth,1.0
INC034_EV02,INC034_AMOUNT_06,synthetic_ground_truth,1.0
INC034_EV03,INC034_AMOUNT_06,synthetic_ground_truth,1.0
INC034_EV04,INC034_AMOUNT_06,synthetic_ground_truth,1.0
INC035_EV01,INC035_PHONE_01,synthetic_ground_truth,1.0
INC035_EV02,INC035_PHONE_01,synthetic_ground_truth,1.0
INC035_EV03,INC035_PHONE_01,synthetic_ground_truth,1.0
INC035_EV04,INC035_PHONE_01,synthetic_ground_truth,1.0
INC035_EV05,INC035_PHONE_01,synthetic_ground_truth,1.0
INC035_EV04,INC035_EMAIL_02,synthetic_ground_truth,1.0
INC035_EV01,INC035_URL_03,synthetic_ground_truth,1.0
INC035_EV02,INC035_URL_03,synthetic_ground_truth,1.0
INC035_EV02,INC035_TRANSACTION_ID_04,synthetic_ground_truth,1.0
INC035_EV03,INC035_TRANSACTION_ID_04,synthetic_ground_truth,1.0
INC035_EV04,INC035_TRANSACTION_ID_04,synthetic_ground_truth,1.0
INC035_EV03,INC035_UTR_05,synthetic_ground_truth,1.0
INC035_EV04,INC035_UTR_05,synthetic_ground_truth,1.0
INC035_EV01,INC035_AMOUNT_06,synthetic_ground_truth,1.0
INC035_EV02,INC035_AMOUNT_06,synthetic_ground_truth,1.0
INC035_EV03,INC035_AMOUNT_06,synthetic_ground_truth,1.0
INC035_EV04,INC035_AMOUNT_06,synthetic_ground_truth,1.0
INC036_EV01,INC036_PHONE_01,synthetic_ground_truth,1.0
INC036_EV02,INC036_PHONE_01,synthetic_ground_truth,1.0
INC036_EV03,INC036_PHONE_01,synthetic_ground_truth,1.0
INC036_EV04,INC036_PHONE_01,synthetic_ground_truth,1.0
INC036_EV05,INC036_PHONE_01,synthetic_ground_truth,1.0
INC036_EV04,INC036_EMAIL_02,synthetic_ground_truth,1.0
INC036_EV01,INC036_URL_03,synthetic_ground_truth,1.0
INC036_EV02,INC036_URL_03,synthetic_ground_truth,1.0
INC036_EV02,INC036_TRANSACTION_ID_04,synthetic_ground_truth,1.0
INC036_EV03,INC036_TRANSACTION_ID_04,synthetic_ground_truth,1.0
INC036_EV04,INC036_TRANSACTION_ID_04,synthetic_ground_truth,1.0
INC036_EV03,INC036_UTR_05,synthetic_ground_truth,1.0
INC036_EV04,INC036_UTR_05,synthetic_ground_truth,1.0
INC036_EV01,INC036_AMOUNT_06,synthetic_ground_truth,1.0
INC036_EV02,INC036_AMOUNT_06,synthetic_ground_truth,1.0
INC036_EV03,INC036_AMOUNT_06,synthetic_ground_truth,1.0
INC036_EV04,INC036_AMOUNT_06,synthetic_ground_truth,1.0
INC037_EV01,INC037_PHONE_01,synthetic_ground_truth,1.0
INC037_EV02,INC037_PHONE_01,synthetic_ground_truth,1.0
INC037_EV03,INC037_PHONE_01,synthetic_ground_truth,1.0
INC037_EV04,INC037_PHONE_01,synthetic_ground_truth,1.0
INC037_EV05,INC037_PHONE_01,synthetic_ground_truth,1.0
INC037_EV04,INC037_EMAIL_02,synthetic_ground_truth,1.0
INC037_EV01,INC037_URL_03,synthetic_ground_truth,1.0
INC037_EV02,INC037_URL_03,synthetic_ground_truth,1.0
INC037_EV02,INC037_TRANSACTION_ID_04,synthetic_ground_truth,1.0
INC037_EV03,INC037_TRANSACTION_ID_04,synthetic_ground_truth,1.0
INC037_EV04,INC037_TRANSACTION_ID_04,synthetic_ground_truth,1.0
INC037_EV03,INC037_UTR_05,synthetic_ground_truth,1.0
INC037_EV04,INC037_UTR_05,synthetic_ground_truth,1.0
INC037_EV01,INC037_AMOUNT_06,synthetic_ground_truth,1.0
INC037_EV02,INC037_AMOUNT_06,synthetic_ground_truth,1.0
INC037_EV03,INC037_AMOUNT_06,synthetic_ground_truth,1.0
INC037_EV04,INC037_AMOUNT_06,synthetic_ground_truth,1.0
INC038_EV01,INC038_PHONE_01,synthetic_ground_truth,1.0
INC038_EV02,INC038_PHONE_01,synthetic_ground_truth,1.0
INC038_EV03,INC038_PHONE_01,synthetic_ground_truth,1.0
INC038_EV04,INC038_PHONE_01,synthetic_ground_truth,1.0
INC038_EV05,INC038_PHONE_01,synthetic_ground_truth,1.0
INC038_EV04,INC038_EMAIL_02,synthetic_ground_truth,1.0
INC038_EV01,INC038_URL_03,synthetic_ground_truth,1.0
INC038_EV02,INC038_URL_03,synthetic_ground_truth,1.0
INC038_EV02,INC038_TRANSACTION_ID_04,synthetic_ground_truth,1.0
INC038_EV03,INC038_TRANSACTION_ID_04,synthetic_ground_truth,1.0
INC038_EV04,INC038_TRANSACTION_ID_04,synthetic_ground_truth,1.0
INC038_EV03,INC038_UTR_05,synthetic_ground_truth,1.0
INC038_EV04,INC038_UTR_05,synthetic_ground_truth,1.0
INC038_EV01,INC038_AMOUNT_06,synthetic_ground_truth,1.0
INC038_EV02,INC038_AMOUNT_06,synthetic_ground_truth,1.0
INC038_EV03,INC038_AMOUNT_06,synthetic_ground_truth,1.0
INC038_EV04,INC038_AMOUNT_06,synthetic_ground_truth,1.0
INC039_EV01,INC039_PHONE_01,synthetic_ground_truth,1.0
INC039_EV02,INC039_PHONE_01,synthetic_ground_truth,1.0
INC039_EV03,INC039_PHONE_01,synthetic_ground_truth,1.0
INC039_EV04,INC039_PHONE_01,synthetic_ground_truth,1.0
INC039_EV05,INC039_PHONE_01,synthetic_ground_truth,1.0
INC039_EV04,INC039_EMAIL_02,synthetic_ground_truth,1.0
INC039_EV01,INC039_URL_03,synthetic_ground_truth,1.0
INC039_EV02,INC039_URL_03,synthetic_ground_truth,1.0
INC039_EV02,INC039_TRANSACTION_ID_04,synthetic_ground_truth,1.0
INC039_EV03,INC039_TRANSACTION_ID_04,synthetic_ground_truth,1.0
INC039_EV04,INC039_TRANSACTION_ID_04,synthetic_ground_truth,1.0
INC039_EV03,INC039_UTR_05,synthetic_ground_truth,1.0
INC039_EV04,INC039_UTR_05,synthetic_ground_truth,1.0
INC039_EV01,INC039_AMOUNT_06,synthetic_ground_truth,1.0
INC039_EV02,INC039_AMOUNT_06,synthetic_ground_truth,1.0
INC039_EV03,INC039_AMOUNT_06,synthetic_ground_truth,1.0
INC039_EV04,INC039_AMOUNT_06,synthetic_ground_truth,1.0
INC040_EV01,INC040_PHONE_01,synthetic_ground_truth,1.0
INC040_EV02,INC040_PHONE_01,synthetic_ground_truth,1.0
INC040_EV03,INC040_PHONE_01,synthetic_ground_truth,1.0
INC040_EV04,INC040_PHONE_01,synthetic_ground_truth,1.0
INC040_EV05,INC040_PHONE_01,synthetic_ground_truth,1.0
INC040_EV04,INC040_EMAIL_02,synthetic_ground_truth,1.0
INC040_EV01,INC040_URL_03,synthetic_ground_truth,1.0
INC040_EV02,INC040_URL_03,synthetic_ground_truth,1.0
INC040_EV02,INC040_TRANSACTION_ID_04,synthetic_ground_truth,1.0
INC040_EV03,INC040_TRANSACTION_ID_04,synthetic_ground_truth,1.0
INC040_EV04,INC040_TRANSACTION_ID_04,synthetic_ground_truth,1.0
INC040_EV03,INC040_UTR_05,synthetic_ground_truth,1.0
INC040_EV04,INC040_UTR_05,synthetic_ground_truth,1.0
INC040_EV01,INC040_AMOUNT_06,synthetic_ground_truth,1.0
INC040_EV02,INC040_AMOUNT_06,synthetic_ground_truth,1.0
INC040_EV03,INC040_AMOUNT_06,synthetic_ground_truth,1.0
INC040_EV04,INC040_AMOUNT_06,synthetic_ground_truth,1.0
INC041_EV01,INC041_PHONE_01,synthetic_ground_truth,1.0
INC041_EV02,INC041_PHONE_01,synthetic_ground_truth,1.0
INC041_EV03,INC041_PHONE_01,synthetic_ground_truth,1.0
INC041_EV04,INC041_PHONE_01,synthetic_ground_truth,1.0
INC041_EV05,INC041_PHONE_01,synthetic_ground_truth,1.0
INC041_EV04,INC041_EMAIL_02,synthetic_ground_truth,1.0
INC041_EV01,INC041_URL_03,synthetic_ground_truth,1.0
INC041_EV02,INC041_URL_03,synthetic_ground_truth,1.0
INC041_EV02,INC041_TRANSACTION_ID_04,synthetic_ground_truth,1.0
INC041_EV03,INC041_TRANSACTION_ID_04,synthetic_ground_truth,1.0
INC041_EV04,INC041_TRANSACTION_ID_04,synthetic_ground_truth,1.0
INC041_EV03,INC041_UTR_05,synthetic_ground_truth,1.0
INC041_EV04,INC041_UTR_05,synthetic_ground_truth,1.0
INC041_EV01,INC041_AMOUNT_06,synthetic_ground_truth,1.0
INC041_EV02,INC041_AMOUNT_06,synthetic_ground_truth,1.0
INC041_EV03,INC041_AMOUNT_06,synthetic_ground_truth,1.0
INC041_EV04,INC041_AMOUNT_06,synthetic_ground_truth,1.0
INC042_EV01,INC042_PHONE_01,synthetic_ground_truth,1.0
INC042_EV02,INC042_PHONE_01,synthetic_ground_truth,1.0
INC042_EV03,INC042_PHONE_01,synthetic_ground_truth,1.0
INC042_EV04,INC042_PHONE_01,synthetic_ground_truth,1.0
INC042_EV05,INC042_PHONE_01,synthetic_ground_truth,1.0
INC042_EV04,INC042_EMAIL_02,synthetic_ground_truth,1.0
INC042_EV01,INC042_URL_03,synthetic_ground_truth,1.0
INC042_EV02,INC042_URL_03,synthetic_ground_truth,1.0
INC042_EV02,INC042_TRANSACTION_ID_04,synthetic_ground_truth,1.0
INC042_EV03,INC042_TRANSACTION_ID_04,synthetic_ground_truth,1.0
INC042_EV04,INC042_TRANSACTION_ID_04,synthetic_ground_truth,1.0
INC042_EV03,INC042_UTR_05,synthetic_ground_truth,1.0
INC042_EV04,INC042_UTR_05,synthetic_ground_truth,1.0
INC042_EV01,INC042_AMOUNT_06,synthetic_ground_truth,1.0
INC042_EV02,INC042_AMOUNT_06,synthetic_ground_truth,1.0
INC042_EV03,INC042_AMOUNT_06,synthetic_ground_truth,1.0
INC042_EV04,INC042_AMOUNT_06,synthetic_ground_truth,1.0
INC043_EV01,INC043_PHONE_01,synthetic_ground_truth,1.0
INC043_EV02,INC043_PHONE_01,synthetic_ground_truth,1.0
INC043_EV03,INC043_PHONE_01,synthetic_ground_truth,1.0
INC043_EV04,INC043_PHONE_01,synthetic_ground_truth,1.0
INC043_EV05,INC043_PHONE_01,synthetic_ground_truth,1.0
INC043_EV04,INC043_EMAIL_02,synthetic_ground_truth,1.0
INC043_EV01,INC043_URL_03,synthetic_ground_truth,1.0
INC043_EV02,INC043_URL_03,synthetic_ground_truth,1.0
INC043_EV02,INC043_TRANSACTION_ID_04,synthetic_ground_truth,1.0
INC043_EV03,INC043_TRANSACTION_ID_04,synthetic_ground_truth,1.0
INC043_EV04,INC043_TRANSACTION_ID_04,synthetic_ground_truth,1.0
INC043_EV03,INC043_UTR_05,synthetic_ground_truth,1.0
INC043_EV04,INC043_UTR_05,synthetic_ground_truth,1.0
INC043_EV01,INC043_AMOUNT_06,synthetic_ground_truth,1.0
INC043_EV02,INC043_AMOUNT_06,synthetic_ground_truth,1.0
INC043_EV03,INC043_AMOUNT_06,synthetic_ground_truth,1.0
INC043_EV04,INC043_AMOUNT_06,synthetic_ground_truth,1.0
INC044_EV01,INC044_PHONE_01,synthetic_ground_truth,1.0
INC044_EV02,INC044_PHONE_01,synthetic_ground_truth,1.0
INC044_EV03,INC044_PHONE_01,synthetic_ground_truth,1.0
INC044_EV04,INC044_PHONE_01,synthetic_ground_truth,1.0
INC044_EV05,INC044_PHONE_01,synthetic_ground_truth,1.0
INC044_EV04,INC044_EMAIL_02,synthetic_ground_truth,1.0
INC044_EV01,INC044_URL_03,synthetic_ground_truth,1.0
INC044_EV02,INC044_URL_03,synthetic_ground_truth,1.0
INC044_EV02,INC044_TRANSACTION_ID_04,synthetic_ground_truth,1.0
INC044_EV03,INC044_TRANSACTION_ID_04,synthetic_ground_truth,1.0
INC044_EV04,INC044_TRANSACTION_ID_04,synthetic_ground_truth,1.0
INC044_EV03,INC044_UTR_05,synthetic_ground_truth,1.0
INC044_EV04,INC044_UTR_05,synthetic_ground_truth,1.0
INC044_EV01,INC044_AMOUNT_06,synthetic_ground_truth,1.0
INC044_EV02,INC044_AMOUNT_06,synthetic_ground_truth,1.0
INC044_EV03,INC044_AMOUNT_06,synthetic_ground_truth,1.0
INC044_EV04,INC044_AMOUNT_06,synthetic_ground_truth,1.0
INC045_EV01,INC045_PHONE_01,synthetic_ground_truth,1.0
INC045_EV02,INC045_PHONE_01,synthetic_ground_truth,1.0
INC045_EV03,INC045_PHONE_01,synthetic_ground_truth,1.0
INC045_EV04,INC045_PHONE_01,synthetic_ground_truth,1.0
INC045_EV05,INC045_PHONE_01,synthetic_ground_truth,1.0
INC045_EV04,INC045_EMAIL_02,synthetic_ground_truth,1.0
INC045_EV01,INC045_URL_03,synthetic_ground_truth,1.0
INC045_EV02,INC045_URL_03,synthetic_ground_truth,1.0
INC045_EV02,INC045_TRANSACTION_ID_04,synthetic_ground_truth,1.0
INC045_EV03,INC045_TRANSACTION_ID_04,synthetic_ground_truth,1.0
INC045_EV04,INC045_TRANSACTION_ID_04,synthetic_ground_truth,1.0
INC045_EV03,INC045_UTR_05,synthetic_ground_truth,1.0
INC045_EV04,INC045_UTR_05,synthetic_ground_truth,1.0
INC045_EV01,INC045_AMOUNT_06,synthetic_ground_truth,1.0
INC045_EV02,INC045_AMOUNT_06,synthetic_ground_truth,1.0
INC045_EV03,INC045_AMOUNT_06,synthetic_ground_truth,1.0
INC045_EV04,INC045_AMOUNT_06,synthetic_ground_truth,1.0
INC046_EV01,INC046_PHONE_01,synthetic_ground_truth,1.0
INC046_EV02,INC046_PHONE_01,synthetic_ground_truth,1.0
INC046_EV03,INC046_PHONE_01,synthetic_ground_truth,1.0
INC046_EV04,INC046_PHONE_01,synthetic_ground_truth,1.0
INC046_EV05,INC046_PHONE_01,synthetic_ground_truth,1.0
INC046_EV04,INC046_EMAIL_02,synthetic_ground_truth,1.0
INC046_EV01,INC046_URL_03,synthetic_ground_truth,1.0
INC046_EV02,INC046_URL_03,synthetic_ground_truth,1.0
INC046_EV02,INC046_TRANSACTION_ID_04,synthetic_ground_truth,1.0
INC046_EV03,INC046_TRANSACTION_ID_04,synthetic_ground_truth,1.0
INC046_EV04,INC046_TRANSACTION_ID_04,synthetic_ground_truth,1.0
INC046_EV03,INC046_UTR_05,synthetic_ground_truth,1.0
INC046_EV04,INC046_UTR_05,synthetic_ground_truth,1.0
INC046_EV01,INC046_AMOUNT_06,synthetic_ground_truth,1.0
INC046_EV02,INC046_AMOUNT_06,synthetic_ground_truth,1.0
INC046_EV03,INC046_AMOUNT_06,synthetic_ground_truth,1.0
INC046_EV04,INC046_AMOUNT_06,synthetic_ground_truth,1.0
INC047_EV01,INC047_PHONE_01,synthetic_ground_truth,1.0
INC047_EV02,INC047_PHONE_01,synthetic_ground_truth,1.0
INC047_EV03,INC047_PHONE_01,synthetic_ground_truth,1.0
INC047_EV04,INC047_PHONE_01,synthetic_ground_truth,1.0
INC047_EV05,INC047_PHONE_01,synthetic_ground_truth,1.0
INC047_EV04,INC047_EMAIL_02,synthetic_ground_truth,1.0
INC047_EV01,INC047_URL_03,synthetic_ground_truth,1.0
INC047_EV02,INC047_URL_03,synthetic_ground_truth,1.0
INC047_EV02,INC047_TRANSACTION_ID_04,synthetic_ground_truth,1.0
INC047_EV03,INC047_TRANSACTION_ID_04,synthetic_ground_truth,1.0
INC047_EV04,INC047_TRANSACTION_ID_04,synthetic_ground_truth,1.0
INC047_EV03,INC047_UTR_05,synthetic_ground_truth,1.0
INC047_EV04,INC047_UTR_05,synthetic_ground_truth,1.0
INC047_EV01,INC047_AMOUNT_06,synthetic_ground_truth,1.0
INC047_EV02,INC047_AMOUNT_06,synthetic_ground_truth,1.0
INC047_EV03,INC047_AMOUNT_06,synthetic_ground_truth,1.0
INC047_EV04,INC047_AMOUNT_06,synthetic_ground_truth,1.0
INC048_EV01,INC048_PHONE_01,synthetic_ground_truth,1.0
INC048_EV02,INC048_PHONE_01,synthetic_ground_truth,1.0
INC048_EV03,INC048_PHONE_01,synthetic_ground_truth,1.0
INC048_EV04,INC048_PHONE_01,synthetic_ground_truth,1.0
INC048_EV05,INC048_PHONE_01,synthetic_ground_truth,1.0
INC048_EV04,INC048_EMAIL_02,synthetic_ground_truth,1.0
INC048_EV01,INC048_URL_03,synthetic_ground_truth,1.0
INC048_EV02,INC048_URL_03,synthetic_ground_truth,1.0
INC048_EV02,INC048_TRANSACTION_ID_04,synthetic_ground_truth,1.0
INC048_EV03,INC048_TRANSACTION_ID_04,synthetic_ground_truth,1.0
INC048_EV04,INC048_TRANSACTION_ID_04,synthetic_ground_truth,1.0
INC048_EV03,INC048_UTR_05,synthetic_ground_truth,1.0
INC048_EV04,INC048_UTR_05,synthetic_ground_truth,1.0
INC048_EV01,INC048_AMOUNT_06,synthetic_ground_truth,1.0
INC048_EV02,INC048_AMOUNT_06,synthetic_ground_truth,1.0
INC048_EV03,INC048_AMOUNT_06,synthetic_ground_truth,1.0
INC048_EV04,INC048_AMOUNT_06,synthetic_ground_truth,1.0
INC049_EV01,INC049_PHONE_01,synthetic_ground_truth,1.0
INC049_EV02,INC049_PHONE_01,synthetic_ground_truth,1.0
INC049_EV03,INC049_PHONE_01,synthetic_ground_truth,1.0
INC049_EV04,INC049_PHONE_01,synthetic_ground_truth,1.0
INC049_EV05,INC049_PHONE_01,synthetic_ground_truth,1.0
INC049_EV04,INC049_EMAIL_02,synthetic_ground_truth,1.0
INC049_EV01,INC049_URL_03,synthetic_ground_truth,1.0
INC049_EV02,INC049_URL_03,synthetic_ground_truth,1.0
INC049_EV02,INC049_TRANSACTION_ID_04,synthetic_ground_truth,1.0
INC049_EV03,INC049_TRANSACTION_ID_04,synthetic_ground_truth,1.0
INC049_EV04,INC049_TRANSACTION_ID_04,synthetic_ground_truth,1.0
INC049_EV03,INC049_UTR_05,synthetic_ground_truth,1.0
INC049_EV04,INC049_UTR_05,synthetic_ground_truth,1.0
INC049_EV01,INC049_AMOUNT_06,synthetic_ground_truth,1.0
INC049_EV02,INC049_AMOUNT_06,synthetic_ground_truth,1.0
INC049_EV03,INC049_AMOUNT_06,synthetic_ground_truth,1.0
INC049_EV04,INC049_AMOUNT_06,synthetic_ground_truth,1.0
INC050_EV01,INC050_PHONE_01,synthetic_ground_truth,1.0
INC050_EV02,INC050_PHONE_01,synthetic_ground_truth,1.0
INC050_EV03,INC050_PHONE_01,synthetic_ground_truth,1.0
INC050_EV04,INC050_PHONE_01,synthetic_ground_truth,1.0
INC050_EV05,INC050_PHONE_01,synthetic_ground_truth,1.0
INC050_EV04,INC050_EMAIL_02,synthetic_ground_truth,1.0
INC050_EV01,INC050_URL_03,synthetic_ground_truth,1.0
INC050_EV02,INC050_URL_03,synthetic_ground_truth,1.0
INC050_EV02,INC050_TRANSACTION_ID_04,synthetic_ground_truth,1.0
INC050_EV03,INC050_TRANSACTION_ID_04,synthetic_ground_truth,1.0
INC050_EV04,INC050_TRANSACTION_ID_04,synthetic_ground_truth,1.0
INC050_EV03,INC050_UTR_05,synthetic_ground_truth,1.0
INC050_EV04,INC050_UTR_05,synthetic_ground_truth,1.0
INC050_EV01,INC050_AMOUNT_06,synthetic_ground_truth,1.0
INC050_EV02,INC050_AMOUNT_06,synthetic_ground_truth,1.0
INC050_EV03,INC050_AMOUNT_06,synthetic_ground_truth,1.0
INC050_EV04,INC050_AMOUNT_06,synthetic_ground_truth,1.0
