evidence_id,incident_id,source_type,file_name,file_path,timestamp,synthetic
INC001_EV01,INC001,chat,INC001_EV01_chat.txt,incidents/INC001/INC001_EV01_chat.txt,2026-09-01T08:17,true
INC001_EV02,INC001,screenshot,INC001_EV02_screenshot.png,incidents/INC001/INC001_EV02_screenshot.png,2026-09-01T08:21,true
INC001_EV03,INC001,bank_csv,INC001_EV03_bank.csv,incidents/INC001/INC001_EV03_bank.csv,2026-09-01T08:25,true
INC001_EV04,INC001,email,INC001_EV04_email.txt,incidents/INC001/INC001_EV04_email.txt,2026-09-01T08:27,true
INC001_EV05,INC001,call_log,INC001_EV05_call_log.csv,incidents/INC001/INC001_EV05_call_log.csv,2026-09-01T08:32,true
INC002_EV01,INC002,chat,INC002_EV01_chat.txt,incidents/INC002/INC002_EV01_chat.txt,2026-09-02T16:05,true
INC002_EV02,INC002,screenshot,INC002_EV02_screenshot.png,incidents/INC002/INC002_EV02_screenshot.png,2026-09-02T16:09,true
INC002_EV03,INC002,bank_csv,INC002_EV03_bank.csv,incidents/INC002/INC002_EV03_bank.csv,2026-09-02T16:13,true
INC002_EV04,INC002,email,INC002_EV04_email.txt,incidents/INC002/INC002_EV04_email.txt,2026-09-02T16:15,true
INC002_EV05,INC002,call_log,INC002_EV05_call_log.csv,incidents/INC002/INC002_EV05_call_log.csv,2026-09-02T16:20,true
INC003_EV01,INC003,chat,INC003_EV01_chat.txt,incidents/INC003/INC003_EV01_chat.txt,2026-09-03T11:14,true
INC003_EV02,INC003,screenshot,INC003_EV02_screenshot.png,incidents/INC003/INC003_EV02_screenshot.png,2026-09-03T11:18,true
INC003_EV03,INC003,bank_csv,INC003_EV03_bank.csv,incidents/INC003/INC003_EV03_bank.csv,2026-09-03T11:22,true
INC003_EV04,INC003,email,INC003_EV04_email.txt,incidents/INC003/INC003_EV04_email.txt,2026-09-03T11:24,true
INC003_EV05,INC003,call_log,INC003_EV05_call_log.csv,incidents/INC003/INC003_EV05_call_log.csv,2026-09-03T11:29,true
INC004_EV01,INC004,chat,INC004_EV01_chat.txt,incidents/INC004/INC004_EV01_chat.txt,2026-09-04T14:14,true
INC004_EV02,INC004,screenshot,INC004_EV02_screenshot.png,incidents/INC004/INC004_EV02_screenshot.png,2026-09-04T14:18,true
INC004_EV03,INC004,bank_csv,INC004_EV03_bank.csv,incidents/INC004/INC004_EV03_bank.csv,2026-09-04T14:52,true
INC004_EV04,INC004,email,INC004_EV04_email.txt,incidents/INC004/INC004_EV04_email.txt,2026-09-04T14:24,true
INC004_EV05,INC004,call_log,INC004_EV05_call_log.csv,incidents/INC004/INC004_EV05_call_log.csv,2026-09-04T14:29,true
INC005_EV01,INC005,chat,INC005_EV01_chat.txt,incidents/INC005/INC005_EV01_chat.txt,2026-09-05T14:21,true
INC005_EV02,INC005,screenshot,INC005_EV02_screenshot.png,incidents/INC005/INC005_EV02_screenshot.png,2026-09-05T14:25,true
INC005_EV03,INC005,bank_csv,INC005_EV03_bank.csv,incidents/INC005/INC005_EV03_bank.csv,2026-09-05T14:29,true
INC005_EV04,INC005,email,INC005_EV04_email.txt,incidents/INC005/INC005_EV04_email.txt,2026-09-05T14:31,true
INC005_EV05,INC005,call_log,INC005_EV05_call_log.csv,incidents/INC005/INC005_EV05_call_log.csv,2026-09-05T14:36,true
INC005_EV06,INC005,bank_csv,INC005_EV06_duplicate_bank.csv,incidents/INC005/INC005_EV06_duplicate_bank.csv,2026-09-05T14:29,true
INC006_EV01,INC006,chat,INC006_EV01_chat.txt,incidents/INC006/INC006_EV01_chat.txt,2026-09-06T09:05,true
INC006_EV02,INC006,screenshot,INC006_EV02_screenshot.png,incidents/INC006/INC006_EV02_screenshot.png,2026-09-06T09:09,true
INC006_EV03,INC006,bank_csv,INC006_EV03_bank.csv,incidents/INC006/INC006_EV03_bank.csv,2026-09-06T09:13,true
INC006_EV04,INC006,email,INC006_EV04_email.txt,incidents/INC006/INC006_EV04_email.txt,2026-09-06T09:15,true
INC006_EV05,INC006,call_log,INC006_EV05_call_log.csv,incidents/INC006/INC006_EV05_call_log.csv,2026-09-06T09:20,true
INC007_EV01,INC007,chat,INC007_EV01_chat.txt,incidents/INC007/INC007_EV01_chat.txt,2026-09-07T17:16,true
INC007_EV02,INC007,screenshot,INC007_EV02_screenshot.png,incidents/INC007/INC007_EV02_screenshot.png,2026-09-07T17:20,true
INC007_EV03,INC007,bank_csv,INC007_EV03_bank.csv,incidents/INC007/INC007_EV03_bank.csv,2026-09-07T17:24,true
INC007_EV04,INC007,email,INC007_EV04_email.txt,incidents/INC007/INC007_EV04_email.txt,2026-09-07T17:26,true
INC007_EV05,INC007,call_log,INC007_EV05_call_log.csv,incidents/INC007/INC007_EV05_call_log.csv,2026-09-07T17:31,true
INC008_EV01,INC008,chat,INC008_EV01_chat.txt,incidents/INC008/INC008_EV01_chat.txt,2026-09-08T16:18,true
INC008_EV02,INC008,screenshot,INC008_EV02_screenshot.png,incidents/INC008/INC008_EV02_screenshot.png,2026-09-08T16:22,true
INC008_EV03,INC008,bank_csv,INC008_EV03_bank.csv,incidents/INC008/INC008_EV03_bank.csv,2026-09-08T16:26,true
INC008_EV04,INC008,email,INC008_EV04_email.txt,incidents/INC008/INC008_EV04_email.txt,2026-09-08T16:28,true
INC008_EV05,INC008,call_log,INC008_EV05_call_log.csv,incidents/INC008/INC008_EV05_call_log.csv,2026-09-08T16:33,true
INC009_EV01,INC009,chat,INC009_EV01_chat.txt,incidents/INC009/INC009_EV01_chat.txt,2026-09-09T11:18,true
INC009_EV02,INC009,screenshot,INC009_EV02_screenshot.png,incidents/INC009/INC009_EV02_screenshot.png,2026-09-09T11:22,true
INC009_EV03,INC009,bank_csv,INC009_EV03_bank.csv,incidents/INC009/INC009_EV03_bank.csv,2026-09-09T11:26,true
INC009_EV04,INC009,email,INC009_EV04_email.txt,incidents/INC009/INC009_EV04_email.txt,2026-09-09T11:28,true
INC009_EV05,INC009,call_log,INC009_EV05_call_log.csv,incidents/INC009/INC009_EV05_call_log.csv,2026-09-09T11:33,true
INC010_EV01,INC010,chat,INC010_EV01_chat.txt,incidents/INC010/INC010_EV01_chat.txt,2026-09-10T12:29,true
INC010_EV02,INC010,screenshot,INC010_EV02_screenshot.png,incidents/INC010/INC010_EV02_screenshot.png,2026-09-10T12:33,true
INC010_EV03,INC010,bank_csv,INC010_EV03_bank.csv,incidents/INC010/INC010_EV03_bank.csv,,true
INC010_EV04,INC010,email,INC010_EV04_email.txt,incidents/INC010/INC010_EV04_email.txt,2026-09-10T12:39,true
INC010_EV05,INC010,call_log,INC010_EV05_call_log.csv,incidents/INC010/INC010_EV05_call_log.csv,2026-09-10T12:44,true
INC011_EV01,INC011,chat,INC011_EV01_chat.txt,incidents/INC011/INC011_EV01_chat.txt,2026-09-11T11:42,true
INC011_EV02,INC011,screenshot,INC011_EV02_screenshot.png,incidents/INC011/INC011_EV02_screenshot.png,2026-09-11T11:46,true
INC011_EV03,INC011,bank_csv,INC011_EV03_bank.csv,incidents/INC011/INC011_EV03_bank.csv,2026-09-11T11:50,true
INC011_EV04,INC011,email,INC011_EV04_email.txt,incidents/INC011/INC011_EV04_email.txt,2026-09-11T11:52,true
INC011_EV05,INC011,call_log,INC011_EV05_call_log.csv,incidents/INC011/INC011_EV05_call_log.csv,2026-09-11T11:57,true
INC012_EV01,INC012,chat,INC012_EV01_chat.txt,incidents/INC012/INC012_EV01_chat.txt,2026-09-12T11:10,true
INC012_EV02,INC012,screenshot,INC012_EV02_screenshot.png,incidents/INC012/INC012_EV02_screenshot.png,2026-09-12T11:14,true
INC012_EV03,INC012,bank_csv,INC012_EV03_bank.csv,incidents/INC012/INC012_EV03_bank.csv,2026-09-12T11:18,true
INC012_EV04,INC012,email,INC012_EV04_email.txt,incidents/INC012/INC012_EV04_email.txt,2026-09-12T11:20,true
INC012_EV05,INC012,call_log,INC012_EV05_call_log.csv,incidents/INC012/INC012_EV05_call_log.csv,2026-09-12T11:25,true
INC012_EV06,INC012,bank_csv,INC012_EV06_duplicate_bank.csv,incidents/INC012/INC012_EV06_duplicate_bank.csv,2026-09-12T11:18,true
INC013_EV01,INC013,chat,INC013_EV01_chat.txt,incidents/INC013/INC013_EV01_chat.txt,2026-09-13T11:43,true
INC013_EV02,INC013,screenshot,INC013_EV02_screenshot.png,incidents/INC013/INC013_EV02_screenshot.png,2026-09-13T11:47,true
INC013_EV03,INC013,bank_csv,INC013_EV03_bank.csv,incidents/INC013/INC013_EV03_bank.csv,2026-09-13T11:51,true
INC013_EV04,INC013,email,INC013_EV04_email.txt,incidents/INC013/INC013_EV04_email.txt,2026-09-13T11:53,true
INC013_EV05,INC013,call_log,INC013_EV05_call_log.csv,incidents/INC013/INC013_EV05_call_log.csv,2026-09-13T11:58,true
INC014_EV01,INC014,chat,INC014_EV01_chat.txt,incidents/INC014/INC014_EV01_chat.txt,2026-09-14T13:25,true
INC014_EV02,INC014,screenshot,INC014_EV02_screenshot.png,incidents/INC014/INC014_EV02_screenshot.png,2026-09-14T13:29,true
INC014_EV03,INC014,bank_csv,INC014_EV03_bank.csv,incidents/INC014/INC014_EV03_bank.csv,2026-09-14T13:33,true
INC014_EV04,INC014,email,INC014_EV04_email.txt,incidents/INC014/INC014_EV04_email.txt,2026-09-14T13:35,true
INC014_EV05,INC014,call_log,INC014_EV05_call_log.csv,incidents/INC014/INC014_EV05_call_log.csv,2026-09-14T13:40,true
INC015_EV01,INC015,chat,INC015_EV01_chat.txt,incidents/INC015/INC015_EV01_chat.txt,2026-09-15T13:13,true
INC015_EV02,INC015,screenshot,INC015_EV02_screenshot.png,incidents/INC015/INC015_EV02_screenshot.png,2026-09-15T13:17,true
INC015_EV03,INC015,bank_csv,INC015_EV03_bank.csv,incidents/INC015/INC015_EV03_bank.csv,2026-09-15T13:21,true
INC015_EV04,INC015,email,INC015_EV04_email.txt,incidents/INC015/INC015_EV04_email.txt,2026-09-15T13:23,true
INC015_EV05,INC015,call_log,INC015_EV05_call_log.csv,incidents/INC015/INC015_EV05_call_log.csv,2026-09-15T13:28,true
INC016_EV01,INC016,chat,INC016_EV01_chat.txt,incidents/INC016/INC016_EV01_chat.txt,2026-09-16T12:08,true
INC016_EV02,INC016,screenshot,INC016_EV02_screenshot.png,incidents/INC016/INC016_EV02_screenshot.png,2026-09-16T12:12,true
INC016_EV03,INC016,bank_csv,INC016_EV03_bank.csv,incidents/INC016/INC016_EV03_bank.csv,2026-09-16T12:46,true
INC016_EV04,INC016,email,INC016_EV04_email.txt,incidents/INC016/INC016_EV04_email.txt,2026-09-16T12:18,true
INC016_EV05,INC016,call_log,INC016_EV05_call_log.csv,incidents/INC016/INC016_EV05_call_log.csv,2026-09-16T12:23,true
INC017_EV01,INC017,chat,INC017_EV01_chat.txt,incidents/INC017/INC017_EV01_chat.txt,2026-09-17T14:23,true
INC017_EV02,INC017,screenshot,INC017_EV02_screenshot.png,incidents/INC017/INC017_EV02_screenshot.png,2026-09-17T14:27,true
INC017_EV03,INC017,bank_csv,INC017_EV03_bank.csv,incidents/INC017/INC017_EV03_bank.csv,2026-09-17T14:31,true
INC017_EV04,INC017,email,INC017_EV04_email.txt,incidents/INC017/INC017_EV04_email.txt,2026-09-17T14:33,true
INC017_EV05,INC017,call_log,INC017_EV05_call_log.csv,incidents/INC017/INC017_EV05_call_log.csv,2026-09-17T14:38,true
INC018_EV01,INC018,chat,INC018_EV01_chat.txt,incidents/INC018/INC018_EV01_chat.txt,2026-09-18T08:07,true
INC018_EV02,INC018,screenshot,INC018_EV02_screenshot.png,incidents/INC018/INC018_EV02_screenshot.png,2026-09-18T08:11,true
INC018_EV03,INC018,bank_csv,INC018_EV03_bank.csv,incidents/INC018/INC018_EV03_bank.csv,2026-09-18T08:15,true
INC018_EV04,INC018,email,INC018_EV04_email.txt,incidents/INC018/INC018_EV04_email.txt,2026-09-18T08:17,true
INC018_EV05,INC018,call_log,INC018_EV05_call_log.csv,incidents/INC018/INC018_EV05_call_log.csv,2026-09-18T08:22,true
INC019_EV01,INC019,chat,INC019_EV01_chat.txt,incidents/INC019/INC019_EV01_chat.txt,2026-09-19T14:38,true
INC019_EV02,INC019,screenshot,INC019_EV02_screenshot.png,incidents/INC019/INC019_EV02_screenshot.png,2026-09-19T14:42,true
INC019_EV03,INC019,bank_csv,INC019_EV03_bank.csv,incidents/INC019/INC019_EV03_bank.csv,2026-09-19T14:46,true
INC019_EV04,INC019,email,INC019_EV04_email.txt,incidents/INC019/INC019_EV04_email.txt,2026-09-19T14:48,true
INC019_EV05,INC019,call_log,INC019_EV05_call_log.csv,incidents/INC019/INC019_EV05_call_log.csv,2026-09-19T14:53,true
INC020_EV01,INC020,chat,INC020_EV01_chat.txt,incidents/INC020/INC020_EV01_chat.txt,2026-09-20T16:17,true
INC020_EV02,INC020,screenshot,INC020_EV02_screenshot.png,incidents/INC020/INC020_EV02_screenshot.png,2026-09-20T16:21,true
INC020_EV03,INC020,bank_csv,INC020_EV03_bank.csv,incidents/INC020/INC020_EV03_bank.csv,2026-09-20T16:25,true
INC020_EV04,INC020,email,INC020_EV04_email.txt,incidents/INC020/INC020_EV04_email.txt,2026-09-20T16:27,true
INC020_EV05,INC020,call_log,INC020_EV05_call_log.csv,incidents/INC020/INC020_EV05_call_log.csv,2026-09-20T16:32,true
INC021_EV01,INC021,chat,INC021_EV01_chat.txt,incidents/INC021/INC021_EV01_chat.txt,2026-09-21T10:29,true
INC021_EV02,INC021,screenshot,INC021_EV02_screenshot.png,incidents/INC021/INC021_EV02_screenshot.png,2026-09-21T10:33,true
INC021_EV03,INC021,bank_csv,INC021_EV03_bank.csv,incidents/INC021/INC021_EV03_bank.csv,2026-09-21T10:37,true
INC021_EV04,INC021,email,INC021_EV04_email.txt,incidents/INC021/INC021_EV04_email.txt,2026-09-21T10:39,true
INC021_EV05,INC021,call_log,INC021_EV05_call_log.csv,incidents/INC021/INC021_EV05_call_log.csv,2026-09-21T10:44,true
INC022_EV01,INC022,chat,INC022_EV01_chat.txt,incidents/INC022/INC022_EV01_chat.txt,2026-09-22T09:40,true
INC022_EV02,INC022,screenshot,INC022_EV02_screenshot.png,incidents/INC022/INC022_EV02_screenshot.png,2026-09-22T09:44,true
INC022_EV03,INC022,bank_csv,INC022_EV03_bank.csv,incidents/INC022/INC022_EV03_bank.csv,,true
INC022_EV04,INC022,email,INC022_EV04_email.txt,incidents/INC022/INC022_EV04_email.txt,2026-09-22T09:50,true
INC022_EV05,INC022,call_log,INC022_EV05_call_log.csv,incidents/INC022/INC022_EV05_call_log.csv,2026-09-22T09:55,true
INC023_EV01,INC023,chat,INC023_EV01_chat.txt,incidents/INC023/INC023_EV01_chat.txt,2026-09-23T10:34,true
INC023_EV02,INC023,screenshot,INC023_EV02_screenshot.png,incidents/INC023/INC023_EV02_screenshot.png,2026-09-23T10:38,true
INC023_EV03,INC023,bank_csv,INC023_EV03_bank.csv,incidents/INC023/INC023_EV03_bank.csv,2026-09-23T10:42,true
INC023_EV04,INC023,email,INC023_EV04_email.txt,incidents/INC023/INC023_EV04_email.txt,2026-09-23T10:44,true
INC023_EV05,INC023,call_log,INC023_EV05_call_log.csv,incidents/INC023/INC023_EV05_call_log.csv,2026-09-23T10:49,true
INC024_EV01,INC024,chat,INC024_EV01_chat.txt,incidents/INC024/INC024_EV01_chat.txt,2026-09-24T08:07,true
INC024_EV02,INC024,screenshot,INC024_EV02_screenshot.png,incidents/INC024/INC024_EV02_screenshot.png,2026-09-24T08:11,true
INC024_EV03,INC024,bank_csv,INC024_EV03_bank.csv,incidents/INC024/INC024_EV03_bank.csv,2026-09-24T08:15,true
INC024_EV04,INC024,email,INC024_EV04_email.txt,incidents/INC024/INC024_EV04_email.txt,2026-09-24T08:17,true
INC024_EV05,INC024,call_log,INC024_EV05_call_log.csv,incidents/INC024/INC024_EV05_call_log.csv,2026-09-24T08:22,true
INC024_EV06,INC024,bank_csv,INC024_EV06_duplicate_bank.csv,incidents/INC024/INC024_EV06_duplicate_bank.csv,2026-09-24T08:15,true
INC025_EV01,INC025,chat,INC025_EV01_chat.txt,incidents/INC025/INC025_EV01_chat.txt,2026-09-25T11:36,true
INC025_EV02,INC025,screenshot,INC025_EV02_screenshot.png,incidents/INC025/INC025_EV02_screenshot.png,2026-09-25T11:40,true
INC025_EV03,INC025,bank_csv,INC025_EV03_bank.csv,incidents/INC025/INC025_EV03_bank.csv,2026-09-25T11:44,true
INC025_EV04,INC025,email,INC025_EV04_email.txt,incidents/INC025/INC025_EV04_email.txt,2026-09-25T11:46,true
INC025_EV05,INC025,call_log,INC025_EV05_call_log.csv,incidents/INC025/INC025_EV05_call_log.csv,2026-09-25T11:51,true
INC026_EV01,INC026,chat,INC026_EV01_chat.txt,incidents/INC026/INC026_EV01_chat.txt,2026-09-26T16:08,true
INC026_EV02,INC026,screenshot,INC026_EV02_screenshot.png,incidents/INC026/INC026_EV02_screenshot.png,2026-09-26T16:12,true
INC026_EV03,INC026,bank_csv,INC026_EV03_bank.csv,incidents/INC026/INC026_EV03_bank.csv,2026-09-26T16:16,true
INC026_EV04,INC026,email,INC026_EV04_email.txt,incidents/INC026/INC026_EV04_email.txt,2026-09-26T16:18,true
INC026_EV05,INC026,call_log,INC026_EV05_call_log.csv,incidents/INC026/INC026_EV05_call_log.csv,2026-09-26T16:23,true
INC027_EV01,INC027,chat,INC027_EV01_chat.txt,incidents/INC027/INC027_EV01_chat.txt,2026-09-27T16:38,true
INC027_EV02,INC027,screenshot,INC027_EV02_screenshot.png,incidents/INC027/INC027_EV02_screenshot.png,2026-09-27T16:42,true
INC027_EV03,INC027,bank_csv,INC027_EV03_bank.csv,incidents/INC027/INC027_EV03_bank.csv,2026-09-27T17:16,true
INC027_EV04,INC027,email,INC027_EV04_email.txt,incidents/INC027/INC027_EV04_email.txt,2026-09-27T16:48,true
INC027_EV05,INC027,call_log,INC027_EV05_call_log.csv,incidents/INC027/INC027_EV05_call_log.csv,2026-09-27T16:53,true
INC028_EV01,INC028,chat,INC028_EV01_chat.txt,incidents/INC028/INC028_EV01_chat.txt,2026-09-28T14:42,true
INC028_EV02,INC028,screenshot,INC028_EV02_screenshot.png,incidents/INC028/INC028_EV02_screenshot.png,2026-09-28T14:46,true
INC028_EV03,INC028,bank_csv,INC028_EV03_bank.csv,incidents/INC028/INC028_EV03_bank.csv,2026-09-28T14:50,true
INC028_EV04,INC028,email,INC028_EV04_email.txt,incidents/INC028/INC028_EV04_email.txt,2026-09-28T14:52,true
INC028_EV05,INC028,call_log,INC028_EV05_call_log.csv,incidents/INC028/INC028_EV05_call_log.csv,2026-09-28T14:57,true
INC029_EV01,INC029,chat,INC029_EV01_chat.txt,incidents/INC029/INC029_EV01_chat.txt,2026-09-29T11:14,true
INC029_EV02,INC029,screenshot,INC029_EV02_screenshot.png,incidents/INC029/INC029_EV02_screenshot.png,2026-09-29T11:18,true
INC029_EV03,INC029,bank_csv,INC029_EV03_bank.csv,incidents/INC029/INC029_EV03_bank.csv,2026-09-29T11:22,true
INC029_EV04,INC029,email,INC029_EV04_email.txt,incidents/INC029/INC029_EV04_email.txt,2026-09-29T11:24,true
INC029_EV05,INC029,call_log,INC029_EV05_call_log.csv,incidents/INC029/INC029_EV05_call_log.csv,2026-09-29T11:29,true
INC030_EV01,INC030,chat,INC030_EV01_chat.txt,incidents/INC030/INC030_EV01_chat.txt,2026-09-30T11:00,true
INC030_EV02,INC030,screenshot,INC030_EV02_screenshot.png,incidents/INC030/INC030_EV02_screenshot.png,2026-09-30T11:04,true
INC030_EV03,INC030,bank_csv,INC030_EV03_bank.csv,incidents/INC030/INC030_EV03_bank.csv,2026-09-30T11:08,true
INC030_EV04,INC030,email,INC030_EV04_email.txt,incidents/INC030/INC030_EV04_email.txt,2026-09-30T11:10,true
INC030_EV05,INC030,call_log,INC030_EV05_call_log.csv,incidents/INC030/INC030_EV05_call_log.csv,2026-09-30T11:15,true
INC031_EV01,INC031,chat,INC031_EV01_chat.txt,incidents/INC031/INC031_EV01_chat.txt,2026-10-01T08:21,true
INC031_EV02,INC031,screenshot,INC031_EV02_screenshot.png,incidents/INC031/INC031_EV02_screenshot.png,2026-10-01T08:25,true
INC031_EV03,INC031,bank_csv,INC031_EV03_bank.csv,incidents/INC031/INC031_EV03_bank.csv,2026-10-01T08:29,true
INC031_EV04,INC031,email,INC031_EV04_email.txt,incidents/INC031/INC031_EV04_email.txt,2026-10-01T08:31,true
INC031_EV05,INC031,call_log,INC031_EV05_call_log.csv,incidents/INC031/INC031_EV05_call_log.csv,2026-10-01T08:36,true
INC032_EV01,INC032,chat,INC032_EV01_chat.txt,incidents/INC032/INC032_EV01_chat.txt,2026-10-02T15:13,true
INC032_EV02,INC032,screenshot,INC032_EV02_screenshot.png,incidents/INC032/INC032_EV02_screenshot.png,2026-10-02T15:17,true
INC032_EV03,INC032,bank_csv,INC032_EV03_bank.csv,incidents/INC032/INC032_EV03_bank.csv,2026-10-02T15:21,true
INC032_EV04,INC032,email,INC032_EV04_email.txt,incidents/INC032/INC032_EV04_email.txt,2026-10-02T15:23,true
INC032_EV05,INC032,call_log,INC032_EV05_call_log.csv,incidents/INC032/INC032_EV05_call_log.csv,2026-10-02T15:28,true
INC033_EV01,INC033,chat,INC033_EV01_chat.txt,incidents/INC033/INC033_EV01_chat.txt,2026-10-03T15:26,true
INC033_EV02,INC033,screenshot,INC033_EV02_screenshot.png,incidents/INC033/INC033_EV02_screenshot.png,2026-10-03T15:30,true
INC033_EV03,INC033,bank_csv,INC033_EV03_bank.csv,incidents/INC033/INC033_EV03_bank.csv,2026-10-03T15:34,true
INC033_EV04,INC033,email,INC033_EV04_email.txt,incidents/INC033/INC033_EV04_email.txt,2026-10-03T15:36,true
INC033_EV05,INC033,call_log,INC033_EV05_call_log.csv,incidents/INC033/INC033_EV05_call_log.csv,2026-10-03T15:41,true
INC033_EV06,INC033,bank_csv,INC033_EV06_duplicate_bank.csv,incidents/INC033/INC033_EV06_duplicate_bank.csv,2026-10-03T15:34,true
INC034_EV01,INC034,chat,INC034_EV01_chat.txt,incidents/INC034/INC034_EV01_chat.txt,2026-10-04T13:27,true
INC034_EV02,INC034,screenshot,INC034_EV02_screenshot.png,incidents/INC034/INC034_EV02_screenshot.png,2026-10-04T13:31,true
INC034_EV03,INC034,bank_csv,INC034_EV03_bank.csv,incidents/INC034/INC034_EV03_bank.csv,2026-10-04T13:35,true
INC034_EV04,INC034,email,INC034_EV04_email.txt,incidents/INC034/INC034_EV04_email.txt,2026-10-04T13:37,true
INC034_EV05,INC034,call_log,INC034_EV05_call_log.csv,incidents/INC034/INC034_EV05_call_log.csv,2026-10-04T13:42,true
INC035_EV01,INC035,chat,INC035_EV01_chat.txt,incidents/INC035/INC035_EV01_chat.txt,2026-10-05T08:25,true
INC035_EV02,INC035,screenshot,INC035_EV02_screenshot.png,incidents/INC035/INC035_EV02_screenshot.png,2026-10-05T08:29,true
INC035_EV03,INC035,bank_csv,INC035_EV03_bank.csv,incidents/INC035/INC035_EV03_bank.csv,,true
INC035_EV04,INC035,email,INC035_EV04_email.txt,incidents/INC035/INC035_EV04_email.txt,2026-10-05T08:35,true
INC035_EV05,INC035,call_log,INC035_EV05_call_log.csv,incidents/INC035/INC035_EV05_call_log.csv,2026-10-05T08:40,true
INC036_EV01,INC036,chat,INC036_EV01_chat.txt,incidents/INC036/INC036_EV01_chat.txt,2026-10-06T11:34,true
INC036_EV02,INC036,screenshot,INC036_EV02_screenshot.png,incidents/INC036/INC036_EV02_screenshot.png,2026-10-06T11:38,true
INC036_EV03,INC036,bank_csv,INC036_EV03_bank.csv,incidents/INC036/INC036_EV03_bank.csv,2026-10-06T11:42,true
INC036_EV04,INC036,email,INC036_EV04_email.txt,incidents/INC036/INC036_EV04_email.txt,2026-10-06T11:44,true
INC036_EV05,INC036,call_log,INC036_EV05_call_log.csv,incidents/INC036/INC036_EV05_call_log.csv,2026-10-06T11:49,true
INC037_EV01,INC037,chat,INC037_EV01_chat.txt,incidents/INC037/INC037_EV01_chat.txt,2026-10-07T12:29,true
INC037_EV02,INC037,screenshot,INC037_EV02_screenshot.png,incidents/INC037/INC037_EV02_screenshot.png,2026-10-07T12:33,true
INC037_EV03,INC037,bank_csv,INC037_EV03_bank.csv,incidents/INC037/INC037_EV03_bank.csv,2026-10-07T12:37,true
INC037_EV04,INC037,email,INC037_EV04_email.txt,incidents/INC037/INC037_EV04_email.txt,2026-10-07T12:39,true
INC037_EV05,INC037,call_log,INC037_EV05_call_log.csv,incidents/INC037/INC037_EV05_call_log.csv,2026-10-07T12:44,true
INC038_EV01,INC038,chat,INC038_EV01_chat.txt,incidents/INC038/INC038_EV01_chat.txt,2026-10-08T09:03,true
INC038_EV02,INC038,screenshot,INC038_EV02_screenshot.png,incidents/INC038/INC038_EV02_screenshot.png,2026-10-08T09:07,true
INC038_EV03,INC038,bank_csv,INC038_EV03_bank.csv,incidents/INC038/INC038_EV03_bank.csv,2026-10-08T09:11,true
INC038_EV04,INC038,email,INC038_EV04_email.txt,incidents/INC038/INC038_EV04_email.txt,2026-10-08T09:13,true
INC038_EV05,INC038,call_log,INC038_EV05_call_log.csv,incidents/INC038/INC038_EV05_call_log.csv,2026-10-08T09:18,true
INC039_EV01,INC039,chat,INC039_EV01_chat.txt,incidents/INC039/INC039_EV01_chat.txt,2026-10-09T10:26,true
INC039_EV02,INC039,screenshot,INC039_EV02_screenshot.png,incidents/INC039/INC039_EV02_screenshot.png,2026-10-09T10:30,true
INC039_EV03,INC039,bank_csv,INC039_EV03_bank.csv,incidents/INC039/INC039_EV03_bank.csv,2026-10-09T10:34,true
INC039_EV04,INC039,email,INC039_EV04_email.txt,incidents/INC039/INC039_EV04_email.txt,2026-10-09T10:36,true
INC039_EV05,INC039,call_log,INC039_EV05_call_log.csv,incidents/INC039/INC039_EV05_call_log.csv,2026-10-09T10:41,true
INC040_EV01,INC040,chat,INC040_EV01_chat.txt,incidents/INC040/INC040_EV01_chat.txt,2026-10-10T08:10,true
INC040_EV02,INC040,screenshot,INC040_EV02_screenshot.png,incidents/INC040/INC040_EV02_screenshot.png,2026-10-10T08:14,true
INC040_EV03,INC040,bank_csv,INC040_EV03_bank.csv,incidents/INC040/INC040_EV03_bank.csv,2026-10-10T08:18,true
INC040_EV04,INC040,email,INC040_EV04_email.txt,incidents/INC040/INC040_EV04_email.txt,2026-10-10T08:20,true
INC040_EV05,INC040,call_log,INC040_EV05_call_log.csv,incidents/INC040/INC040_EV05_call_log.csv,2026-10-10T08:25,true
INC041_EV01,INC041,chat,INC041_EV01_chat.txt,incidents/INC041/INC041_EV01_chat.txt,2026-10-11T15:18,true
INC041_EV02,INC041,screenshot,INC041_EV02_screenshot.png,incidents/INC041/INC041_EV02_screenshot.png,2026-10-11T15:22,true
INC041_EV03,INC041,bank_csv,INC041_EV03_bank.csv,incidents/INC041/INC041_EV03_bank.csv,2026-10-11T15:26,true
INC041_EV04,INC041,email,INC041_EV04_email.txt,incidents/INC041/INC041_EV04_email.txt,2026-10-11T15:28,true
INC041_EV05,INC041,call_log,INC041_EV05_call_log.csv,incidents/INC041/INC041_EV05_call_log.csv,2026-10-11T15:33,true
INC042_EV01,INC042,chat,INC042_EV01_chat.txt,incidents/INC042/INC042_EV01_chat.txt,2026-10-12T11:18,true
INC042_EV02,INC042,screenshot,INC042_EV02_screenshot.png,incidents/INC042/INC042_EV02_screenshot.png,2026-10-12T11:22,true
INC042_EV03,INC042,bank_csv,INC042_EV03_bank.csv,incidents/INC042/INC042_EV03_bank.csv,2026-10-12T11:26,true
INC042_EV04,INC042,email,INC042_EV04_email.txt,incidents/INC042/INC042_EV04_email.txt,2026-10-12T11:28,true
INC042_EV05,INC042,call_log,INC042_EV05_call_log.csv,incidents/INC042/INC042_EV05_call_log.csv,2026-10-12T11:33,true
INC043_EV01,INC043,chat,INC043_EV01_chat.txt,incidents/INC043/INC043_EV01_chat.txt,2026-10-13T08:03,true
INC043_EV02,INC043,screenshot,INC043_EV02_screenshot.png,incidents/INC043/INC043_EV02_screenshot.png,2026-10-13T08:07,true
INC043_EV03,INC043,bank_csv,INC043_EV03_bank.csv,incidents/INC043/INC043_EV03_bank.csv,2026-10-13T08:11,true
INC043_EV04,INC043,email,INC043_EV04_email.txt,incidents/INC043/INC043_EV04_email.txt,2026-10-13T08:13,true
INC043_EV05,INC043,call_log,INC043_EV05_call_log.csv,incidents/INC043/INC043_EV05_call_log.csv,2026-10-13T08:18,true
INC044_EV01,INC044,chat,INC044_EV01_chat.txt,incidents/INC044/INC044_EV01_chat.txt,2026-10-14T16:05,true
INC044_EV02,INC044,screenshot,INC044_EV02_screenshot.png,incidents/INC044/INC044_EV02_screenshot.png,2026-10-14T16:09,true
INC044_EV03,INC044,bank_csv,INC044_EV03_bank.csv,incidents/INC044/INC044_EV03_bank.csv,2026-10-14T16:13,true
INC044_EV04,INC044,email,INC044_EV04_email.txt,incidents/INC044/INC044_EV04_email.txt,2026-10-14T16:15,true
INC044_EV05,INC044,call_log,INC044_EV05_call_log.csv,incidents/INC044/INC044_EV05_call_log.csv,2026-10-14T16:20,true
INC045_EV01,INC045,chat,INC045_EV01_chat.txt,incidents/INC045/INC045_EV01_chat.txt,2026-10-15T14:07,true
INC045_EV02,INC045,screenshot,INC045_EV02_screenshot.png,incidents/INC045/INC045_EV02_screenshot.png,2026-10-15T14:11,true
INC045_EV03,INC045,bank_csv,INC045_EV03_bank.csv,incidents/INC045/INC045_EV03_bank.csv,2026-10-15T14:15,true
INC045_EV04,INC045,email,INC045_EV04_email.txt,incidents/INC045/INC045_EV04_email.txt,2026-10-15T14:17,true
INC045_EV05,INC045,call_log,INC045_EV05_call_log.csv,incidents/INC045/INC045_EV05_call_log.csv,2026-10-15T14:22,true
INC046_EV01,INC046,chat,INC046_EV01_chat.txt,incidents/INC046/INC046_EV01_chat.txt,2026-10-16T09:26,true
INC046_EV02,INC046,screenshot,INC046_EV02_screenshot.png,incidents/INC046/INC046_EV02_screenshot.png,2026-10-16T09:30,true
INC046_EV03,INC046,bank_csv,INC046_EV03_bank.csv,incidents/INC046/INC046_EV03_bank.csv,2026-10-16T09:34,true
INC046_EV04,INC046,email,INC046_EV04_email.txt,incidents/INC046/INC046_EV04_email.txt,2026-10-16T09:36,true
INC046_EV05,INC046,call_log,INC046_EV05_call_log.csv,incidents/INC046/INC046_EV05_call_log.csv,2026-10-16T09:41,true
INC047_EV01,INC047,chat,INC047_EV01_chat.txt,incidents/INC047/INC047_EV01_chat.txt,2026-10-17T13:15,true
INC047_EV02,INC047,screenshot,INC047_EV02_screenshot.png,incidents/INC047/INC047_EV02_screenshot.png,2026-10-17T13:19,true
INC047_EV03,INC047,bank_csv,INC047_EV03_bank.csv,incidents/INC047/INC047_EV03_bank.csv,2026-10-17T13:23,true
INC047_EV04,INC047,email,INC047_EV04_email.txt,incidents/INC047/INC047_EV04_email.txt,2026-10-17T13:25,true
INC047_EV05,INC047,call_log,INC047_EV05_call_log.csv,incidents/INC047/INC047_EV05_call_log.csv,2026-10-17T13:30,true
INC048_EV01,INC048,chat,INC048_EV01_chat.txt,incidents/INC048/INC048_EV01_chat.txt,2026-10-18T15:20,true
INC048_EV02,INC048,screenshot,INC048_EV02_screenshot.png,incidents/INC048/INC048_EV02_screenshot.png,2026-10-18T15:24,true
INC048_EV03,INC048,bank_csv,INC048_EV03_bank.csv,incidents/INC048/INC048_EV03_bank.csv,2026-10-18T15:28,true
INC048_EV04,INC048,email,INC048_EV04_email.txt,incidents/INC048/INC048_EV04_email.txt,2026-10-18T15:30,true
INC048_EV05,INC048,call_log,INC048_EV05_call_log.csv,incidents/INC048/INC048_EV05_call_log.csv,2026-10-18T15:35,true
INC049_EV01,INC049,chat,INC049_EV01_chat.txt,incidents/INC049/INC049_EV01_chat.txt,2026-10-19T17:06,true
INC049_EV02,INC049,screenshot,INC049_EV02_screenshot.png,incidents/INC049/INC049_EV02_screenshot.png,2026-10-19T17:10,true
INC049_EV03,INC049,bank_csv,INC049_EV03_bank.csv,incidents/INC049/INC049_EV03_bank.csv,2026-10-19T17:14,true
INC049_EV04,INC049,email,INC049_EV04_email.txt,incidents/INC049/INC049_EV04_email.txt,2026-10-19T17:16,true
INC049_EV05,INC049,call_log,INC049_EV05_call_log.csv,incidents/INC049/INC049_EV05_call_log.csv,2026-10-19T17:21,true
INC050_EV01,INC050,chat,INC050_EV01_chat.txt,incidents/INC050/INC050_EV01_chat.txt,2026-10-20T12:08,true
INC050_EV02,INC050,screenshot,INC050_EV02_screenshot.png,incidents/INC050/INC050_EV02_screenshot.png,2026-10-20T12:12,true
INC050_EV03,INC050,bank_csv,INC050_EV03_bank.csv,incidents/INC050/INC050_EV03_bank.csv,2026-10-20T12:16,true
INC050_EV04,INC050,email,INC050_EV04_email.txt,incidents/INC050/INC050_EV04_email.txt,2026-10-20T12:18,true
INC050_EV05,INC050,call_log,INC050_EV05_call_log.csv,incidents/INC050/INC050_EV05_call_log.csv,2026-10-20T12:23,true
