incident_id,expected_label,expected_evidence_count,has_duplicate,has_amount_conflict,has_time_conflict,has_missing_time
INC001,suspicious_pattern,5,false,false,false,false
INC002,suspicious_pattern,5,false,false,false,false
INC003,suspicious_pattern,5,false,false,false,false
INC004,suspicious_pattern,5,false,false,true,false
INC005,suspicious_pattern,6,true,false,false,false
INC006,suspicious_pattern,5,false,false,false,false
INC007,suspicious_pattern,5,false,true,false,false
INC008,suspicious_pattern,5,false,false,false,false
INC009,suspicious_pattern,5,false,false,false,false
INC010,suspicious_pattern,5,false,false,false,true
INC011,suspicious_pattern,5,false,false,false,false
INC012,suspicious_pattern,6,true,false,false,false
INC013,suspicious_pattern,5,false,false,false,false
INC014,suspicious_pattern,5,false,false,false,false
INC015,suspicious_pattern,5,false,false,false,false
INC016,suspicious_pattern,5,false,false,true,false
INC017,suspicious_pattern,5,false,false,false,false
INC018,suspicious_pattern,5,false,true,false,false
INC019,suspicious_pattern,5,false,false,false,false
INC020,suspicious_pattern,5,false,false,false,false
INC021,suspicious_pattern,5,false,false,false,false
INC022,suspicious_pattern,5,false,false,false,true
INC023,suspicious_pattern,5,false,false,false,false
INC024,suspicious_pattern,6,true,false,false,false
INC025,suspicious_pattern,5,false,false,false,false
INC026,suspicious_pattern,5,false,false,false,false
INC027,suspicious_pattern,5,false,false,true,false
INC028,suspicious_pattern,5,false,false,false,false
INC029,suspicious_pattern,5,false,true,false,false
INC030,suspicious_pattern,5,false,false,false,false
INC031,normal,5,false,false,false,false
INC032,normal,5,false,false,false,false
INC033,normal,6,true,false,false,false
INC034,normal,5,false,false,false,false
INC035,normal,5,false,false,false,true
INC036,normal,5,false,false,false,false
INC037,normal,5,false,false,false,false
INC038,normal,5,false,false,false,false
INC039,normal,5,false,false,false,false
INC040,normal,5,false,false,false,false
INC041,normal,5,false,false,false,false
INC042,normal,5,false,false,false,false
INC043,normal,5,false,false,false,false
INC044,normal,5,false,false,false,false
INC045,normal,5,false,false,false,false
INC046,normal,5,false,false,false,false
INC047,normal,5,false,false,false,false
INC048,normal,5,false,false,false,false
INC049,normal,5,false,false,false,false
INC050,normal,5,false,false,false,false
